A42498	this Seal of Gratitude
A00966	Attributes VVILLIAM
A00966	Worthy Sir
A01750	Majeſties Moſt
A01750	William Gilbert
A07330	Kenelme Digby
A12166	Jesus Christ
A12166	▪ Urim
A12166	Noble Stock
A12166	Iesus Christ
A12166	JOHN SEDOVVICK
A29206	WILLIAM Earl
A29206	Viscount Mansfield
A29206	Lord Ogle
A89585	Iohn Trevor
A89585	STEPHEN MARSHALL
A87607	the Lord of
A87607	Kek Syſt
A87607	Lo Cook
A61487	Benjamin Cook
A61487	M. STEVENSON
A31221	OLIVERO St. JOHN
A31221	GVLIELMVS CASTELL
A31221	▪ Ho
A31221	D. D. D.
A56127	Honourable Senators
A56127	H. 3. H. 7.10 C •
A56127	Sovereign Lord the King
A56127	Quondam Profession
A56127	William Tyndall
A56127	Bishop Bilson
A56127	Antimonarchical Practises
A56127	Thomas Gybson
A56127	Proditiones Praelatorum
A56127	Iohn Bale
A56127	Arch Prelate
A56127	No Bishop
A56127	Court Sermons
A56127	Lordly Prelacy
A56127	Prelatical Factious
A56127	See Bishop
A56127	H •
A56127	Henry Burton
A56127	Fox Contr
A56127	Fox Contr
A56127	Prelates Tyranny
A56127	Lin •
A56127	Henry Burt
A56127	Factious Spirit
A56127	Popish Innovations
A56127	See A
A56127	Qui ut
A56127	Whither Episcopacy
A56127	Thomas Aston
A56127	No Lord Bishop
A56127	Church Polity
A56127	Hierarchy of
A56127	N. Br.
A56127	Lordly Prelacy
A56127	Qui •
A56127	Saint Paul saith,1 Tim
A56127	Rabanne Maurus
A56127	Anselmus Cantuariensis
A56127	Augustinus de civitate
A56127	De Reform
A56127	See M. Latim
A56127	Deane Thomas Farret
A56127	Fox Act
A56127	See Prov
A56127	Saint Paul
A56127	Saint Chrysostome
A56127	That Saint Bernard
A56127	Millaine See Vita Bernardi
A56127	Espencaus Digres
A56127	Mariae Virginis
A56127	Father Augustin
A56127	Emerita Donatist
A56127	Quod sum
A56127	à Christo
A56127	Saint Augustine Bishop
A56127	Saint Bernard
A56127	WILLIAM PRYNNE
A56127	Honourable Worthies
A56127	Lordly Prelacy
A56127	Heavenly Father
A56127	Honours Feet
A56127	Noble Patronage
A56127	Your Honours
A07970	THOMAS NABBES
A46823	Chriſt ▪
A46823	Jeſus Chriſt
A16536	Noble Lady
A16536	Potent Earl
A16536	Familie,2 Tim
A16536	M. ZACHARY BOYD
A16536	Saint Iohn
A16536	M. ZACHARY BOYD
A58824	G. C. AND HIS
A58824	A. Sir
A58824	Your Beadsman
A58824	T. S.
A59630	Worthy Friend
A59630	RICHARD KNIGHTLEY ESQUIRE
A59630	Worthy Sir
A70872	Anne Carteret
A70872	Philip Carteret Knight
A70872	Noble Favours
A70872	WILLIAM PRYNNE
A35343	Painted Glass
A35343	Noble Gentlemen
A35343	RALPH CUDWORTH
A13699	Chaplain WILLIAM PAGE
A13699	Christian Reader
A13699	David Ps
A13699	Saint Paul
A13699	Saviour Mat
A13699	Christian Church
A13699	Saint Austine
A13699	Christs Altar
A13699	S. Iohn
A13699	S. Paul
A13699	Iesus Christ
A13699	S. Austin
A13699	Father S. Salvian
A13699	S. Ierome
A13699	Schismatical ▪
A13699	S. Paul
A13699	S. Paul
A13699	Rebecca did
A13699	Heretics Schismatics
A13699	S. Paul
A13699	Almighty God
A13699	W. P.
A85542	J. G.
A17248	William Purefey
A86945	Iohn Clotworthy Knight
A86945	Rhyme Lackey
A29731	Honoured Cousin Sr
A29731	Richard Baker
A08637	John Ethredge
A08637	Reverend Sir
A08637	Edward Albiſton
A01234	Nicholas Rainton
A01234	Martin Bound
A01234	W. F. wishes
A01234	Your Hoſpitaler
A01234	William Freak
A52050	STEPHEN MARSHALL
A02324	S. Hierome
A02324	D. Ramus
A02324	the Seal of
A30650	WILLIAM PRINNE
A05161	Master Fisher
A05161	Roman One of these
A05161	M. Fisher
A05161	M. Fisher
A05161	D. White's
A05161	M. Fisher
A05161	D. White
A05161	M. Fisher
A05161	A. C. cheeks
A05161	A. C. in
A05161	A. C. of
A05161	Hereupon I
A05161	M. Fisher's
A05161	R. B.
A05161	M. Fisher's
A05161	A. C. nibbled
A05161	A. C. printed
A05161	A. C. his Curiosity
A05161	A. C. came
A05161	A. C. his Relation
A05161	M. Fisher
A05161	A. C. When
A05161	A. C. and Answer
A05161	Great Occasions
A05161	Worth in
A05161	Tuba Dei
A05161	S. Aug. Serm
A05161	De Diversis
A05161	S. Luk
A05161	Filium Dei
A05161	S. Augustine
A05161	That M. Fisher
A05161	A. C. for him
A05161	A. C. had
A05161	Your Majesty
A05161	Majesties Honourable
A05161	Sacred Majesty
A05161	Your Majesty
A05161	M. Fisher
A05161	A. C. at the print
A05161	M. Fisher
A05161	M. Fisher
A05161	M. Fishers
A05161	A. C.
A05161	A. C. p. 67
A05161	D. White
A05161	A. C. and
A05161	A. C. and the Iesuite
A05161	M. Fisher
A05161	A. C. then
A05161	A. C. words
A05161	A. C.
A05161	M. Fisher
A05161	Fellows Angle
A05161	S. Aug.
A05161	Lawful Nets
A05161	Quod Volumus
A05161	Beseech Your Majesty
A05161	S. Peter
A05161	Apum Similitudine
A05161	Church Government
A05161	Your Majesty
A05161	D. Field
A05161	S. Matth
A05161	Your Majesty
A05161	Religion Corrupted
A05161	Your Majesty
A05161	Your Majesty
A05161	S. Paul
A05161	S. Augustine
A05161	S. Iod
A05161	Your Majesty
A05161	Obliged SERVANT
A05161	W. CANT
A40685	JOHN D'ANVERS Knight
A30300	Baron Beaufort
A30300	Honourable HENRY
A30300	some Royal Majesty
A30300	HENRY BVRKHEAD
A25390	Baron Littleton
A25390	Lord Keeper
A25390	Honourable Privy COVNCELL
A25390	This Orphan
A25390	Your Honours
A61155	THOMAS FAIRFAX
A61155	Noble Sir
A61155	IOHN SALTMARSH
A61155	Thomas Fairfax General
A61155	Maſter Prynne
A61155	Jeſus Chriſt
A61155	The Lord
A61155	John Saltmarſh
A61155	IOHN SALTMARSH
A61155	Jesus Chriſt
A61155	Ieſus Chriſt
A61155	Jeſus Chriſt
A61155	Jeſus Chriſt
A61155	David ▪
A61155	IOHN SALTMARSH
A61155	Mordecai ſaid
A61155	IOHN SALTMARSH
A61155	Noble Citizens
A61155	JOHN SALTMARSH
A91327	Worthy Gentlemen
A91327	this Eſſay of
A02520	Learned CLERGY
A02520	Faithful COMMONALTY
A02520	J. Exon
A45550	JOHN GAYR Knight
A45550	Nathanael Hardy
A05590	Your Noble
A05590	Heroic Virtues
A05590	Your Honours
A05590	WILLIAM LITHGOVV
A89577	Commons Aſſembled
A89577	His Excellency
A70011	John Ellis
A56256	Gracious Father
A56256	My Lord
A56256	H. P.
A63067	Friend Colonel
A63067	JOHN BRIDGES
A63067	Your Patronage
A63067	Joseph ;
A63067	those2 Cor.
A63067	Queen Elizabeth
A63067	Histories Diod
A63067	John Trapp
A43042	Your Honours
A79473	JOHN CULPEPPER
A79473	JOHN PRIDEAUX Biſhop
A79473	SHELDEN Warden
A79473	Mr Chillingworth
A79473	Dr Fell
A79473	Dr Baily
A79473	Dr Prideaux
A79473	Mr Chillingworth
A79473	Spartanâ Nobilitate
A79473	Lordly Prelate
A79473	Saint Machiavel
A79473	Welch Atheiſts
A79473	Iriſh Rebels
A79473	Dr Ferne
A79473	Dr Fern ib
A79473	Majeſties Title
A79473	Dr Fern
A79473	Sir John
A79473	Your Friend
A81339	Ego almum lac Magdalenenſis
A81339	Georgius Dering
A81339	Deus O. M. ſoſpitet
A81339	Muſae Athenas
A81339	Reverentia Academica
A81339	Frigidis hiſce
A81339	Quip Academicam
A81339	▪ Said
A81339	Dion ▪ Long
A54605	Rhetorical Prefaces
A54605	W. P.
A44745	Sir W. S. Knight
A44745	J. H.
A61026	John Wray Knight
A61026	William Strickland Knight
A61026	Your Servant
A64897	J. V. HIS MOSTUNWORTHIE
A64897	RIght Noble Lords
A64897	Englands Commons
A64897	John Vicars
A64897	MOST WORTHY
A64897	RICHARD SPRIGNALL
A64897	J. V. unfeignedly
A64897	Englands God
A64897	Englands Remembrancer
A64897	JOHN VICARS
A57657	Honourable Grandfather
A97125	Honourable Patronage
A91855	De Penitent
A91855	Joel 1
A91855	Joel 2
A91855	Lycia 18
A91855	Gods Church
A91855	Your Honours
A43562	Parliament Robes
A43562	Blaſpheming Thief
A43562	JERƲ SALEMS
A43562	River TIBER
A43562	Theſe Sermons
A43562	Jdolizing Neighbours
A43562	Theſe Mother-Churches
A43562	Lancaſhire Preachers
A43562	Provincial Counsels
A43562	Semi-pelagian Pamphlets
A43562	Your Honours
A43562	Richard Heyricke
A77497	Hereupon it
A77497	Lucas de Medico
A77497	1642 Church-Reformation
A77497	M. Marſhals Sermon
A77497	M. Cook .
A77497	M. Calvin
A28514	Ioſeph Boden
A28514	Ioſeph Boden
A09626	RICHARD PELHAM
A09626	S. P. Wishes
A09626	WORTHY SIR
A70454	Lord General
A90715	Philiſtines on the other
A67155	Royal King
A67155	Gracious Sovereign
A67155	H. Walker
A84337	John 5
A84337	Peter complaineth2 Pet
A84337	John 5
A84337	to1 Cor.
A84337	John 5
A84337	thisNicen Creed
A84337	Heb 10
A84337	John 5
A84337	JOHN EACHARD
A56211	Noblest Patronage
A56211	Quadruple Discourse
A56211	Heroicallest Spirit
A56211	Church Reformed
A56211	Your Honours
A56211	Privileges of
A56211	Noble Patronage
A56211	Your Honours
A56211	WILLIAM PRYNNE
A56211	William Waller
A56211	Sir William Bruerton
A56211	Malignant Vipers
A56211	Your Honours
A56211	WILLIAM PRYNNE
A71053	JOHN SALTMARSH
A46836	the1 Tim
A46836	through2 Cor.
A46836	saved1 Cor.
A46836	Mary Magdalen
A46836	Jesus Christ
A46836	Iesus Christ
A46836	HENRIE JESSE
A46836	HIS RESCPECTED FRIEND
A46836	Mris MARRY WIGHT
A46836	Lawrence Pountney
A46836	Daughter Sarah
A46836	Jesus Christ
A46836	Jesus Christ
A46836	HENRIE JESSE
A46836	Mris SARAH WIGHT
A56192	Lord General
A56192	Malignant Party
A56192	THeAlberius Gentiles
A56192	Grotius de Jure belli
A56192	Georgius Obrectus de Belli Principiis
A56192	Honourable Patronage
A56192	Your Lordship
A56192	The Lord of Hosts
A56192	Honours Person
A56192	W. PRYNNE
A30705	Sovereign Lord
A30705	Thomas Bushel
A30705	Your Majeſties
A30705	Thomas Milward Knight
A30705	Marmaduke LLoyd Knight
A30705	Richard Price K. Baronet
A30705	James Price Knight
A30705	Sampſon Eure Knight
A30705	Iohn Lewis Knight
A30705	Timothy Turnor Eſquire
A30705	Walter LLoyd Eſq
A30705	Thomas Price Eſq
A30705	Robert Corbet Eſq
A30705	Evan Gwin Eſq
A30705	Iohn Ʋaughan Eſq
A30705	Vincent Corbet Eſq
A30705	Humfrey Greene Eſq
A30705	Iohn LLoyd Eſq
A30705	David LLoyd ap
A30705	Thomas Phillips Eſq
A30705	Iohn Edmund Eſq
A30705	Hugh LLoyd Gentlem
A30705	David Rees Gent
A30705	Iohn Bowen Gent
A30705	William Watkin Gent
A30705	Iohn Meredith Gent
A30705	Maſter Bushel
A30705	Maſter Bushel
A30705	Rich Over
A30705	M. Bushel
A30705	Mines Royal
A30705	Your Lordship's
A30705	Joſeph Hexſteter
A30705	Samuel Reyniſh
A30705	Water Barkesby
A30705	Humphrey Owen
A43825	King Solomon
A43825	B. Andrews
A43825	L. Verulam
A43825	Bishop Morton
A43825	Presbyterial Government
A43825	Thomas Hill
A35353	Commons Aſſembled
A35353	Worthy Sirs
A35353	RICHARD CVLMER
A56135	Civil Unity
A56135	Noble Patronage
A56135	Your Honours
A56135	Noble Senators
A56135	William Prynne
A56832	Iesus Christ
A56832	Iesus Christ
A61943	John Suckling
A61092	John Crew Esquire
A61092	Richard Knightley
A61092	Knight Sir Hen
A61092	M. Crew
A61092	M. Knightleys
A27638	Viſcount Hereford
A27638	Baron Ferrars
A27638	Lord Bourchier
A27638	Proteſtant Religion
A27638	Saint Auguſtine
A27638	Your Excellency
A27638	IOHN BEVVICK
A60972	William Strickland
A60972	Philip Stapleton
A60972	Henry Cholmley
A60972	William Alison
A60972	Henry Darly
A60972	M. Hoyle
A60972	M. Alured
A60972	M. Pelham
A60972	John Saltmarsh
A00926	Virtuous Lady
A00926	R. F.
A08829	Ecclesiae Catholicae
A08829	Romani Pontificis
A08829	Dei Omnipotentis
A08829	De Dedication
A08829	Sacrorum Praeses
A08829	Ecclesiae Patronus
A08829	Reverendissime Praesul
A08829	Quod ut
A08829	Iesum Christum
A08829	Ephraim Pagitt
A92764	Noble Lord
A92764	Sal ▪ de Prov
A92764	Elect Lady
A92764	Saint Auguſtine
A92764	The Lord
A42215	PAUL PINDAR Knight
A42215	Quam cui
A42215	Your Worſhips
A42215	Robert Gentilis
A43818	Iohn Wollaston
A43818	Alderman Adams
A43818	Mahomets Impostures
A43818	Alderman Adams
A43818	Honoured Sir
A43818	Honoured Sir
A43818	Lady ;
A43818	Your Worships
A43818	Thomas Hill
A07248	Honoured Friend
A07248	Warham Sentliger
A07248	PHILIP MASSINGER
A03845	Eldest Daughter
A03845	Lord Lieutenant
A03845	Lady Arabella
A03845	Constant Princess
A03845	Judith Man
A66051	Lord Berkley
A66596	EDWARD DERING
A66596	Bernards Bern
A66596	Gods Law
A54808	PHILIP Earl
A54808	Honourable Algernon Percie
A54808	Preserve Room
A54808	To Charlemain's
A12209	John Howland
A12209	Your Worships
A12209	R. T.
A85664	Son ▪ Gen.
A85664	Publius Decius
A85664	Deum Rabbi Gamel
A85664	Fagio Capit
A85664	Hoc Regnum
A85664	Rabbies Rabbi Shimeon
A85664	the Lord for
A85664	Unworthy Servant
A85664	WILLIAM GREENHILL
A56171	Your Honours
A56171	haveSee Bishop Hals
A56171	Seditious Popish
A56171	Romish Counsels
A56171	Lord Jesus
A56171	WILLIAM PRYNNE
A45589	HENRY Earl
A45589	Lord Privy Seal
A45589	Candide Aſpect
A45589	Gazophylacio Eccleſiae
A45589	Servant ; PEDAELL HARLOWE
A48432	Illustrious Sir
A48432	Your Nobleness
A48432	JOHN LIGHTFOOTE
A48432	John Lightfoote
A58210	Thomas Mallet Knight
A58210	Surenden Dering
A58210	Christs Ministers Io
A77017	Sampſon Bound
A77017	William Twiſſe
A77017	the Lord of Heaven
A77017	SAMPSON BOND
A97129	Thomas Clarke
A97129	Maſter Thomas Cart
A97129	William Wilſon
A97129	Maſter William Crossed
A97129	Maſter Thomas Hale
A97129	Iohn Millington
A97129	Henry Lane
A97129	Thomas Clarke
A97129	Edward Phelps
A97129	Iohn Ward
A97129	Worthy Gentlemen
A97129	John Ward
A93709	Honourable Court
A93709	Church Polity
A93709	Church Polity
A93709	Church Polity
A93709	Prieſthood :
A93709	David ſay,2 Sam
A93709	Ieſus Chriſt
A93709	John Saltmarſh
A48307	Honoured Sr
A48307	HARLEY Knight
A48307	Sta •
A48307	Great Budworth
A48307	JOHN LEY
A85979	HONOURABLE SENATORS
A85979	Ep Now
A85979	fruitleſs,2 Sam
A85979	Triennial Parliament
A43816	Communis Concilii
A43816	Thomas Hill S. Theolog
A43816	Anno Dom
A43816	D. D. D.
A43816	Friend Richard
A43816	Mr Perkins
A43816	Quartane Ague
A43816	Jesus Christ
A43816	Apostle Paul
A43816	the Accuser of the Brothers
A43816	Noble Earl
A43816	Peter give's,1 Pet
A43816	Dr Ames
A43816	Photii Epist
A43816	Heathen Socrates
A43816	Vide Plat
A43816	Heavenly Father
A43816	Igniculi Charitatis
A43816	Thomas Hill
A09707	Iron Net
A09707	Farewell Sir
A43819	Ecclesiastical Synods
A43819	Bloody Tenent
A43819	The Lord in
A43819	the Prince of Peace
A43819	THOMAS HILL
A85448	Lord Mayor
A85448	God Almighty
A85448	God Almighty
A85448	Your Honours
A85448	IOHN GORE
A55028	Eſay 58
A55028	Devoted Servant
A27212	Beggs Leave
A56780	M. Richard Gipps
A56780	M. Richard Gipps
A56780	Cum tota
A20724	Edward Lord Newburgh
A20724	Virtuous Lady
A20724	Humble Servant
A54528	Thomas Atkin
A54528	Lord Major
A54528	Nicholas Raynton
A54528	Isaac Penington
A54528	Iohn Cordell
A54528	Thomas Soame
A54528	Iohn Gayr
A54528	Iacob Garrat
A54528	Thomas Adams
A54528	Iohn Tous
A54528	Abraham Reynardson
A54528	George Garra
A54528	Sir George Clerke
A54528	Iohn Langham
A54528	Iohn Foulke
A54528	Iames Bunce
A54528	William Gibbs
A54528	Richard Chambers Sheriffs
A54528	Samuel Warner
A54528	Thomas Foot
A54528	Iohn Kendricke
A54528	Thomas Culh
A54528	Simon Edmonds
A54528	Trent Creed
A54528	Christs Institution
A54528	Christs Intercession
A54528	Atheistical Sect
A54528	the Son
A54528	Christian Magistrates
A54528	Paulus Diacon
A54528	Lambertus Hortensius
A44991	DOROTHY STANLEY
A44991	THOMAS STANLEY
A44991	Servant R. D.
A28809	Honourable Court
A28809	MOst Gracious
A28809	Honours Virtues
A28809	Saint Lawrence
A28809	Majesties Honour
A28809	Your Majesty
A28809	Honours perusal
A28809	Your Majesties
A28809	Royal Posterity
A28809	Christian Charity
A28809	Loyal Subject
A28809	Richard Boothby
A69521	Mris Elionor War
A69521	Matron Mris
A69521	Amy Long
A69521	Steeple Ashton
A69521	Sweet Lady
A69521	Mris Carent
A69521	S. John
A11378	Your Self
A11378	Your Noone-point
A11378	Gracious Sir
A11378	A Beadsman for Your Highness J. Saltmarſhe
A42489	Honourable Houſe
A66445	Your Honours
A66445	Your Honours
A66445	Your Honours
A66445	Most Noble
A66445	Your Father's
A66445	Your Honours
A66445	Your Honours
A66445	Christ Iesus
A66445	Francis Bacon
A97126	MY LORDS
A97126	MY LORDS
A97126	JOHN WARD
A02454	Your Majesty
A90293	Feſtus Hom
A67551	Right Worthy
A67551	Honourable Court
A67551	Edward Deering Knight
A67551	Sir Thomas Middleton
A67551	Thomas Barington
A67551	William Massam
A67551	Sir Martin Lumley
A67551	Baronets ;
A67551	RIght Honourable
A67551	Honours ;
A67551	His Impress
A67551	Viribus hic praestat
A67551	Your Honours
A13439	Mary Make-peace
A13439	Sweet Sisters
A13439	Maechael Helena
A13439	Matronlike Hecuba
A13439	Marry Make-peace
A13439	Tabitha Turbulent
A13439	Franke Froward
A13439	Ellen Ever-heard
A13439	Parnell Prate
A13439	Rachell Rail
A13439	Vrsula Vpsefreeze
A13439	Ioaene Jowl
A13439	Kate Kiss-well
A13439	Luce Lye-close
A13439	Dorothy Doe-little
A13439	Sisly Sweet-lips
A13439	Margery Quiet
A13439	MARY MAKE-PEACE
A56969	Toyish Airs
A43824	E. Northumberl
A43824	E. Pembrook
A43824	E. Nottingham
A43824	E. Denbigh
A43824	E. Manchester
A43824	L. Visc
A43824	L. North
A43824	L. Mountague
A43824	L. Roberts
A43824	L. Howard . S. Gilbert Gerard
A43824	S. Wil. Strickland
A43824	S. Hen . Vane
A43824	S. Walt.
A43824	S. Wil.
A43824	S. Robert Pie
A43824	S. Iohn Trevor
A43824	S. Anth. Irby
A43824	M. Sollicitor
A43824	M. Rous. M. Ashurst . M. Reynolds
A43824	Denis Bond
A43824	Whitlock M. Guorden
A43824	M. Maynard
A43824	M. Lisle
A43824	M. Salwey
A43824	M. Wheeler
A43824	M. Hoyle All Fidelity
A43824	Honourable Trusts
A43824	Trinity Coll
A43824	Pueri Ingeniosi
A43824	Your Noble
A43824	Evangelicall Preachers
A43824	Servant THOMAS HILL
A43824	Doct Stanton
A43824	the Lord of the Harvest
A43824	Thomas Hill
A69646	Paulus Fagius
A69646	Frederic the Pa
A69646	Martin Bucer
A69646	Martin Bucer
A69646	Martin Bucer
A69646	Martin Bucer
A69646	Paulus Fagius
A69646	Martin Bueer
A69646	Honoured Lords
A69646	JOHN MILTON
A43479	Prince William
A43479	Prince Maurice
A43479	Fredrick Henry
A43479	Bishop Granvelle
A43479	Marquis Spinola
A27789	Honourable Court
A27789	Fret Errinnys
A88141	R. Sol
A88141	John Lightfoote
A26722	JOHN WOLLASTON
A26722	the Lord for you
A26722	Honoured Lady
A26722	Iesus Christ
A26722	WILLIAM BARTON
A35274	Thomas Boon Eſquires
A35274	Honoured Sirs
A35274	Jeſus Chriſt
A35274	Jeſus Chriſt
A35274	Jeſus Chriſt
A35274	Honoured Sir
A35274	M. C.
A31933	Nicephorus Phocas
A31933	Spiritual Servant
A90668	Sir Paul Pindar
A90668	SAint Paul
A90668	Saint Paul
A90668	Sir Paul Neale
A90668	SAint Paul
A40662	LADY GOVERNESSE
A40662	Black Lines
A40662	Your Honours
A89582	S. M.
A85716	Son G. Grimstone
A85716	Jeſus Chriſt
A85716	Chriſt Jeſus
A85716	Jeſus Chriſt
A85716	▪ Harbottle Grimſtone
A95657	GILBERT GERARD
A95657	JOHN FRANKLIN
A95657	the Lord in
A95657	Rachel expreſſed
A95657	Jeſus Chriſt
A95657	Your Worſhips
A95657	Edward Terry
A04651	JOHN BENSON
A89583	Odit Deus
A89583	Againſt ſin
A89583	Servant STEVEN MARSHALL
A96698	Father ſo
A96698	Jerrard Winſtanley
A29528	IOHN WENTWORTH
A29528	IOHN ROWSE Knights
A90603	WILLIAM GIBBS
A90603	Walter Rogers
A90603	Robert Smith
A90603	Samuel Bridge
A90603	Thomas Soane
A90603	Henrie Geirie
A90603	Iohn Bludworth
A90603	Nicholas Cook
A90603	Anthony Cross
A90603	Ambroſe Brumskill
A90603	Tobias Dixon
A90603	Iohn Niclas
A90603	Iaſpar Clayton
A90603	Andrew H
A90603	George Denham
A90603	Iohn Rogers
A90603	Spencer Vincent
A90603	• ohn Smith
A90603	Richard Kimble
A90603	Francis Pat
A90603	Peter Worſter
A90603	William Dev
A90603	Iohn Hopkins
A90603	Iohn Davis
A90603	Ephraim Pagitt
A90603	Recto •
A90603	Gregory Nazianzen
A90603	Ruth ▪
A90603	Ephraim Pagitt
A12184	MAVRICE ABBOT KNIGHT
A12184	Lord Mayor
A12184	Iesus Christ
A51922	GOOD LEARNING
A51922	Anthony Vincent Knight
A51922	Robert Codrington
A34718	ROBERTO Comiti Essexiae
A34718	Vicecomiti Herefordiae
A34718	Georgianii Equiti
A34718	Honori tuo deditissimus
A59949	Alexander Read
A59949	Your Servant
A71091	Rebel Rodolphus
A71091	Loyal Subject's
A71091	His Majesty
A10819	Mighty Monarch CHARLES
A10819	Great Brittain
A10819	Your Royal
A10819	Heroic Virtues
A10819	Iohn Roberts
A10819	Lord Mountioy
A10819	Honoured Father
A10819	Socrates Opinion
A10819	Your Honours
A10819	John Roberts
A30235	Worthy Patriots
A54990	Earl Palatine
A54990	Beauchamp Plantagenet
A54990	Dragoons ▪
A54990	Garaſey Iſles
A54990	Richard Plantagenes
A54990	Saint Chriſtophers
A54990	Saint Chriſtophers
A54990	Virginia Oxen
A54990	Saint Sebaſtans
A54990	Manhatas Iſle
A54990	Long Iſle
A54990	Cape May
A54990	Captain Marshal
A54990	William Berkley
A54990	M. Leonard Calvert
A54990	the Lord Baltamore
A54990	Captain Clayborn
A54990	Kent Iſle
A54990	Long Iſle
A54990	M. Evelins
A54990	Earl Palatine
A54990	Obſervations of Law
A54990	Roman Manuples
A54990	Terras Bolarmack
A54990	Potas Die
A54990	Count Palatines
A54990	County Palatines
A54990	County Palatine
A54990	Earl Palatine
A54990	Lps son
A54990	Francis Lord Ployden
A54990	Thomas Lord Ployden
A54990	Katherine Baroness
A54990	C. C. T.
A54990	Baronets L. and M. to
A54990	BEAUCHAMP PLANTAGENET
A28186	Richard sbuttleworth
A28186	Cordial Comfort
A28186	Aesculapian Art
A86360	Quomodo huc cecidiſti
A86360	True Religion
A86360	Worthy Sirs
A69024	Majesties Patronage
A69024	Prelatical Church
A69024	Improbable Questions
A69024	Iesus Christ
A69024	Cites Scripture
A69024	Majesties Name
A69024	Popish Relics
A69024	Iesus Christ
A69024	Marble Tomb
A69024	Pious Princes
A69024	Amasiah King
A69024	Lords Prophet
A69024	Antichristian Kingdom
A69024	Honourable Court
A69024	Majesties Name
A69024	Iesus Christ
A95888	Lord Mayor
A95888	Iohn Wollaſton
A95888	Richard Sprignall
A95888	Rebecca Wollaſton
A95888	Anne Sprignall
A95888	J. V. moſt
A95888	Chriſtian Courtesy
A95888	Sincere Symbol
A95888	JOHN VICARS
A47074	Worthy D. Gouge
A47074	S. Iones
A41964	John Selden Esquire
A41964	Hugo Grotius
A41964	Pes Babylonius
A41964	Statilius Vol
A41964	Julius Pollux
A41964	Scribonius Largus
A41964	Julius Pollux
A41964	A. Gellius
A41964	Galen ▪ Dio
A41964	Saint Hierome
A41964	John Greaves
A27810	Saint PAUL
A27810	M. ZACHARY BOYD
A27810	M. ZACHARY BOYD
A41485	JOHN PYMME Eſquire
A41485	Ieſus Chriſt
A43639	Saviour of
A85485	William Gouge
A27361	Thomas Adams
A27361	J. P. hath
A27361	J. P. I
A27361	Your Lordship's
A27361	Honoured FRIEND
A27361	Saviour Christ
A27361	J. P.
A27361	J. P. how
A27361	James Russell
A27361	James Story
A27361	Friends ;
A27361	Friend Iohn Bellamie
A12182	Viscount MANDEVILL
A12182	LADY ANNE
A12182	D. Sibbs
A12182	Non ex
A12182	Your Honours
A14722	Exurgat Deu
A14722	Servant R. W.
A14722	Lord Lieutenants
A14722	Noble Captains
A14722	RIght Honourable
A14722	Roman Coin
A14722	Statesman Commineus
A14722	Pedro Mexia
A14722	Paulus Emil
A14722	Paulus Em
A14722	Honours Commands
A14722	Pedro Mexia
A14722	Ezekiel )
A14722	Your Lordship's
A14722	Humble Servant
A57675	Lord Ross
A57675	Lord Ross
A36463	ILLVSTRISSIMI DUUM-VIRIS
A16923	Richard Brome
A65782	Robert Tracy
A65782	Esq Coronet
A65782	Viscount Conoway
A65782	James Wadsworth
A65782	R. Honourable
A65782	Your Honours
A65782	J. W.
A79477	Conſcience Satisfied
A79477	Honourable Houſe
A79477	Tu Epiſcope
A79477	Pope John
A79477	Alexander Co
A79477	Cognomine Anglicus
A79477	Moguntinus ▪
A79477	Pope Sixtus
A79477	Trithemius Abbot
A79477	Martins Monaſtery
A79477	Philippus Bergomenſis
A79477	Alexander Cook
A79477	Pope Sergius
A79477	Pope Alexander
A79477	Roman Courtſhip
A79477	Whore John
A79477	Honourable Houſe
A79477	the Worſhip of God
A79477	Ieſus Chriſt
A79477	Ieſus Chriſt
A79477	Ieſus Chriſt
A79477	Proteſtant Religion
A70701	VVilliam Neale
A70701	Gaspar Waserus
A70701	Optarem ut
A64606	Lord Baron
A64606	MY LORD
A64606	Princes Palaces
A64606	Thomas Urchard ▪
A67227	Simon Magus
A67227	H. W.
A15013	M. Harris
A15013	Hebrew Bible
A15013	Doctor Willet
A15013	Maſter Whately
A15013	Chriſtian Friend
A15013	Edward Leigh
A68655	IOHN CARY
A68655	My Lord
A68655	Valeria Messallina
A68655	Honourable Personages
A68655	Nathanael Richards
A34747	Lady Frances
A34747	Noble Gentleman
A34747	JOHN HOBARTE
A34747	Worthy Sir John Hobarte
A34747	Honourable name
A34747	Elect Lady
A34747	Noble Olive-plant
A34747	Philip Hobarte
A34747	Your Honours
A34747	Jeſus Chriſt
A34747	IOHN CARTER
A34747	IOHN CARTER
A04907	PAVL PINDER
A04907	Noble Sir
A04907	Suppliant FRANCIS KNIGHT
A07541	ROBERT Earl
A07541	Viscount Hereford
A07541	Lord Ferrers
A07541	Honours Approbation
A07541	HUMPHRY MILL
A02000	Your Highneſſes
A02000	William Style
A02000	Bernat Cuſana
A02000	Antonio Gratian
A02000	Lucas Gratian Dantiſco
A12167	VNAQVE CONCIONES
A12167	PHILIPPVS NIGH
A01775	Heroic Virtue
A85551	BENJAMIN RUDYARD
A85551	F. Wherefore
A85551	JOHN GRANT
A41142	Honour Father
A41142	Your Honour
A41142	Beſiege Heaven
A41142	THOMAS HILL
A70924	Illuſtrious Lord
A70924	PHILIP Earl
A70924	Lord Chamberlain
A70924	Majeſties Houſehold
A70924	Worth :
A70924	Dedicate ſo
A70924	Illuſtrious Lord
A70924	Your Honour
A70924	Your Patronage
A70924	Moſt Noble Lord
A70924	Engliſh Proverb
A70924	You Deteſt
A70924	Moſt Illuſtrious Lord
A70924	Your Honour
A70924	J. MOVNTAINE
A67876	J. H. wishes
A67876	WORTHY PATRIOT
A67876	Your Worships
A28359	SHELLY Eſquire
A42351	Judicious Sir
A42351	JOHN HOBART
A42351	Knight Baronet
A93705	Worthy COVENANTER
A40653	Noble Brother
A40653	Honours Sister
A85462	Your Honours
A54669	Anne Glover
A70099	Algernon Earl
A70099	Lord Percy
A70099	Honourable Privy-council
A70099	Your Honours
A70099	William Fenwick
A78018	Chriſtian Magiſtrate
A78018	Jeſus Chriſt
A90296	Priſca Anglo-Britannorum
A90296	Libertatem Patriam
A90296	Ritus Pontificios
A90296	Ordine Communium
A96992	Henry Walker Cantab
A29975	PHILIP Earl
A29975	Religio Medici
A29975	My Lord
A77502	the Deſire of
A95827	R. W. WHen
A95892	Lord Fairfax
A95892	His Excellency
A95892	Thomas Fairfax
A95892	William Waller
A95892	Harbotle Grimſtone
A95892	Harbotle Grimſtone
A95892	Walter Young
A95892	John Young
A95892	Francis Rouſe
A95892	Edmund Prideaux
A95892	Honourable Lords
A95892	Conſtantly Addicted
A95892	John Vicars
A95892	Conſecrateth Himſelf
A95892	Honour ;
A95892	Gracious Honour
A95892	Thomas Adams
A95892	Eſq Lord Major
A95892	John Wollaſtone
A95892	Matthew Brand
A95892	High Sheriff
A95892	Richard Sprignall
A95892	John Vicars
A57391	Servant L. R. Merchant
A39212	Iacob ▪
A27257	Lentum Ilium
A27257	WHen Johnson
A27257	THOMAS BEEDOME
A29375	Vetuſtatem ſi
A29375	Wicked Benjamin
A29375	Gentleman Sir Miles
A49473	Viscount Hereford
A49473	Lord Ferrers
A49473	Lord Chamberlain
A49473	Honourable Privy-Counsell
A49473	Great Lord
A49473	the Lord Morgan
A49473	Edward Broomefield Col
A49473	Martin Bond
A49473	Marmaduke Rawdon
A49473	George Langham
A49473	Thomas Covell
A49473	Robert Davies
A49473	Thomas Soame Col
A49473	John Venn
A49473	William Gear
A49473	John Bradley
A49473	Rowland Wilson
A49473	Thomas Buckstone
A49473	John Gear Col
A49473	Edward Dichfield
A49473	Randall Manwaring
A49473	Henry Sanders
A49473	Matthew Forster
A49473	Thomas Chamberlaine
A49473	Edmund Forster
A49473	Samuell Carleton
A49473	Tobias Massy
A49473	Nicholas Beale
A49473	James Bunce
A49473	DONALD LUPTON
A67203	WILLIAM LENTHALL
A67203	Renowned Patriot
A67203	Henry VValker
A62099	Jesus Christ
A62099	Honourable Lord
A62099	Noble Pat
A62099	Elihu Iob
A62099	Your Honours
A62099	EDVVARD SYMONDS
A61053	JOHN SPEED
A57976	Noble Lord
A57976	Reverend Beza
A57976	M. George Wishart
A57976	Campo Martio
A57976	Father Diotrephes
A57976	D. Hall
A06402	MY Most
A06402	Thomas Lower Esquire
A06402	WILLIAM LOWER
A95878	Lady Majoreſſe
A95878	Anne Sprignall
A95878	Holiness ;
A95878	Chriſtian Candour
A95878	John Vicars
A85388	THOMAS GAGE
A85388	Your Worſhip
A85388	THOMAS GAGE
A62948	WILLIAM Earl
A62948	Your Lordship's
A46910	RICHARD COMPTON
A51324	Knight Sir Thomas Moore
A51324	Lord Chancellor
A51324	W. S.
A09197	Worthy Sir
A09197	H. P.
A38615	PHILIP Earl
A38615	Saint Quintin
A38615	MY LORD
A38615	PHILIP Earl
A38615	MY LORD
A56943	Gracious SOVEREIGN King CHARLES
A56943	Majeſties Poor
A56943	Faithful Subject
A56943	RICHARD ROYSTON
A77496	John Brinſley
A52049	STEPHEN MARSHAL
A83501	Bellum Sacramentarium
A83501	Serpent Adeo
A83501	Honourable Houſe
A83501	Honourable Houſe
A83501	Honourable Houſe
A83501	moſt Noble Patriots
A83501	Honourable Houſe
A83501	Auguſtirus Regium
A83501	King Hezekiah
A83501	Flacius Illyricus
A83501	Naz ad
A83501	Ecclesiastical Hiſtory
A83501	Honourable Houſe
A83501	ſervantThomas Edwards
A56199	Protestant Religion
A56199	Jesuites Iniquity
A56199	Noble Patronage
A56199	William Boswell
A56199	Romish Conspirators
A56199	Heroic Endeavours
A56199	Servant William Prynne
A45214	YOur Majeſty
A45214	Humble Remonſtrance
A45214	Your Majesty
A34599	Jeſus Chriſt
A34599	Jeſus Chriſt
A34599	John 4
A34599	Thomas Lord Strafford
A34599	William Lord Archbiſhop
A34599	Arbitrary Government
A34599	Iriſh Re
A34599	Ho •
A34599	Noble Poſterity
A34599	Countries Liberty
A34599	Englands Friend
A34599	Jeſus Chriſt
A34599	John Cotton
A34599	Noble Sir
A34599	Maſter Caſe
A34599	John Cotton
A34599	John 2
A34599	Solvere Jeſum
A34599	Learned Tract
A34599	Courteous Reader
A34599	Learned Treatiſe
A34599	Honoured Sir
A34599	Englands Reformation
A34599	John 5
A34599	John 2
A34599	John 5
A34599	Simon Bar-Jona
A34599	John 1
A34599	John 2
A34599	Honourable Court
A34599	Conſcientious Covenantours
A34599	Antichriſtian Church
A34599	Antichriſtian Church
A34599	Temple ſo
A34599	Oh Father
A43401	Philip Herbert
A43401	Lord Parre
A43401	Lord Warden
A43401	Lord Lieutenant
A43401	Lord Chamberlain
A43401	Caesars Virgil
A43401	THOMAS HERBERT
A04909	THOMAS SOAME
A04909	JOHN VEN
A04909	Campus Martius
A04909	Nicolls Oxon
A43484	Your Highnesses
A43484	HENRY HEXHAM
A34531	JOHN CORBET
A70159	Lionell Gatford
A70159	the Lord
A70159	Servant L. G.
A93880	Immortal Part
A93880	Saint Paul
A93880	Jeſus Chriſt
A93880	Jeſus Chriſt
A93880	Inward Frame
A93880	S. Paul
A93880	Theſe Three
A93880	It Self
A93880	His Love
A93880	S. Paul
A93880	The Head of the Woman
A93880	The Head of the Man
A93880	The Head of Chriſt
A93880	the Head of the Body
A93880	the Head of the Soul
A93880	the Head of the Spirit
A93880	Jeſus Chriſt
A93880	Jeſus Chriſt
A93880	the Head of
A93880	Lord Jeſus
A93880	Jeſus Chriſt
A93880	Utter Darkneſs
A93880	the Heaven of our
A93880	Conſtant Account
A93880	Preſent Peace
A93880	Servant in the Lord Jeſus
A31021	James Howell Esquire
A31021	Honoured Sir
A31021	Persius Nec
A38677	King Francis
A38677	Engliſh Archer
A38677	Queen Iane
A38677	Queen Elizabeth
A38677	Heroical Deviſes
A38677	SEMPER EADEM
A38677	King Iames
A38677	HENRICUS ROSAS
A38677	Philip Sidney
A38677	SINE REFLUXU
A38677	Saint Michael
A38677	MALLEM MORI
A38677	REDDITE CaeSARI
A38677	Univerſity Cap
A38677	MUTO QUADRATA ROTUNDIS
A38677	Academical Sesſion
A38677	T. B.
A43821	JOHN BROWN Esq
A43821	Jesus Christ
A43821	Thomas Hill
A18334	DONE Diego Puede-Ser
A94728	Friend Mr
A94728	James Ruſſel Merchant
A94728	JOHN TOMBES
A43043	Your Honours
A85505	S. Peter
A85505	S. Paul .
A85505	Our Hope
A85505	Prophetical Chronologie
A85505	Prophetical Calendar
A85505	M. Brightman
A85505	Cyril Biſhop
A85505	Your Honours
A87081	Jehoaſh ſo
A87081	Iriſh Philistines
A87081	Chriſt Jeſus
A87081	Popiſh Sanctuaries
A87081	Daniell Harcourt
A96917	Baals Prieſts
A59997	I. S. wishes
A38771	Magnetically Sympathizeth
A38771	JOHN EVANS
A40669	JOHN LORD POWLET
A40669	Hinton ▪
A40669	Your Father's
A40669	Noble Patroness
A70863	WILLIAM BALFORE Knight
A70863	Noble Favours
A70863	WILLIAM PRYNNE
A12148	Richard Owen
A90265	EDWARD SCOT
A90265	C. Weſtrow
A90265	JOHN OVVEN
A07542	THOMAS Earl
A07542	Servant : HUMPHRY MILL
A07542	H. M. HOnour
A86358	Pauls Separatiſts
A86358	James 3
A86358	THOMAS HILL
A30105	HIS HEROIQVE
A30105	EDWARD GOLDSMITH
A30105	JOHN BULVVER
A30105	HIS HONOURED
A30105	WILLIAM DICONSON ESQUIRE
A30105	Idem Alter
A70812	that1 Sam
A30594	LIBELLVM HVNC
A89586	Prophet David
A89586	the Song of Praiſe
A89586	Honourable Aſſembly
A86356	Worthy Citizens
A86356	Hereby Religion
A86356	Gospels Cauſe
A43321	Synods :
A91306	John Lord Roberts
A91306	Francis Lord Willoughby
A91306	William Balfore
A91306	Sir Philip Stapleton
A91306	Colonel Sheffield
A91306	Nathaniel Fiennes
A91306	Noble Patronage
A91306	Cowardly Oppoſer
A91306	Your Honours
A91306	Clement Walker
A34548	Servant N. N. wishes
A85728	Et Deus
A85728	Ieſum Chriſtum
A85728	Harbottellus Grimſtonius
A43817	Apologizing Epistle
A43817	Robert Grosthead
A43817	Noble Worthies
A43817	THOMAS HILL
A95897	THOMAS ADAMS
A95897	Lord Major
A95897	Gracious Honour
A95897	Honours Piety
A95897	Conſtant Piety
A95897	Engliſh Sion
A95897	Servant in the Lord
A95897	John Vicars
A19160	Lord Marshal
A19160	Favour :
A19160	Servant DONE
A19160	Diego V'ades-forte
A94733	JOHN TOMBES
A26468	WILLIAM PUREFEY
A25906	William Playters Knight
A25906	Daniel in
A25906	Aſſyrian Monnrchy
A25906	Servant ; BERNARD ALSOP .
A44733	This Victorious King
A44733	Britany ▪
A44733	Decreta Caeli
A44733	Faelicia Scelera
A47616	Noble Lords
A47616	Your Honours
A47616	D. L.
A40995	Worthy Sirs
A40995	Your Worſhips
A64253	Your Worships
A64253	W. JEMMAT
A56149	H. P.
A34527	S. Paul
A12145	Henry Osborne Esquire
A89591	THis Sermon
A89591	Chriſts Babes
A89591	Theſe Innocents
A89591	STEPHEN MARSHALL
A51643	HENRY Lord Marquess
A51643	Your Lordship's
A41150	Chriſts Meſſengers
A41150	Reverend Balmford
A41150	Court Law
A41150	John Fenwick
A70654	Stephen Marshall
A86261	J. V. wishes the
A86261	D. Baker
A86261	Popiſh Pouder-Plot
A86261	Your Chriſtian
A86261	JOHN VICARS
A86261	Richard Gurney
A86261	Lord Major
A86261	Worshipful S. Chriſtopher
A86261	Clethrow Knight
A86261	William Acton Knight
A86261	Paul Pindar Knight
A86261	Alderman Atkins
A86261	Alderman Pennington
A86261	Alderman Adams
A86261	John Babington Treaſurer
A86261	Roger Drake
A86261	M. Richard Aldworth
A86261	Iohn Vicars
A86261	Worſhips Sincerely
A86261	JOHN VICARS
A05597	Royal Sir
A05597	Late Father's
A05597	Princely Piety
A05597	Heavenly Angels
A05597	William Lithgow
A33343	Lord BROOKE
A33343	SAMVEL CLARKE
A91231	Worth to
A91231	H. PARKER
A26573	Suitor ne
A26573	Amor Erroris
A26573	G. A.
A10495	Robert Ducie
A10495	Robert Ducie
A10495	Thomas Rawlins
A42751	Worthy Member
A42751	Honourable Body of
A42751	MASCALL GILES
A61119	Noble Citizens
A61119	JOHN SALTMARSH
A90620	ANNA HUME
A96941	S. Paul
A96941	Alſo S. Paul
A96941	Saint Paul
A96941	G. W.
A89578	Servant STEPHEN MARSHALL
A39599	Nathaniel Barnardiſton
A39599	Your Worſhips
A52444	King Iames
A52444	Philip Sidney
A42757	Reverend Colleagues
A13017	HENRY Earl
A13017	Majeſties Bedchamber
A13017	Your Honours
A13017	A. B.
A67085	S. Iohn
A67085	Gods Spirit
A57969	Potent Lord
A57969	Jesus Christ
A57969	Samuel Rutherfurd
A16927	WILLIAM Earl
A16927	Richard Brome
A32308	Worshipful Sir
A32308	Worshipful William Heveningham
A32308	Nicholas Bacon
A32308	Henry North
A32308	Thomas Baker
A32308	Nathaniel Thurſton
A32308	John Bayles
A32308	John Mayhew
A32308	Noble Knight
A32308	Edward Calver
A86730	Honourable Senate
A86730	Noble Cauſe
A86730	Honourable Reward
A86730	Ezek 22.26
A86730	Servant in the work of Chriſt
A79475	Jeſus Chriſt
A79475	Jure Divino
A79475	Jeſus Chriſt
A79475	theſe Elders
A79475	Jeſus Chriſt
A79475	Jeſus Chriſt
A79475	Jeſus Chriſt
A79475	Ieſus Chriſt
A79475	Ieſus Chriſt
A79475	Confirmat These
A79475	Honour You
A79475	Francis Cheynell
A88149	J. L.
A88994	His Ambassadors
A88994	Albert Duke
A88994	Sermon ▪
A88994	Your Crown
A88994	Servant in the Lord
A88994	JOHN MAYNARD
A36292	Your Lordship's
A36292	Servant Io
A38109	Black Bill
A38109	Prelatical Tyranny
A38109	Noble Emperor
A38109	Flavianus Bishop
A38109	Amphilochius Bishop
A38109	Ambrose Bishop
A38109	Popish Innovations
A38109	Calvini Instructio
A38109	M Salimarsh Smoke
A38109	Maier Aldermen
A38109	Presbyterial Government
A38109	Englands Birthright
A38109	Utter Barrester
A38109	Heresies ;
A38109	Commendo vos Dilectioni Dei
A38109	Your Honours
A38109	THOMAS EDVVARDS
A01344	Wherefore I
A01344	Thomas Fuller
A60361	Most Noble
A60361	Divine Philosophy
A60361	Most Humbly
A60361	William Slatyer
A70378	S. MARTINS
A41155	Algernon Earl
A41155	Lord Percy
A41155	Honourable Patronage
A41155	William Fenwick
A11380	My Lord
A11380	J. SAULTMARSHE
A11380	ARTHUR INGRAM
A11380	Servant J. SALTMARSHE
A61101	J. S.
A43536	Great Prince
A92138	Jeſus Chriſt
A92138	Jeſus Chriſt
A92138	Marius ex
A92138	Chriſt Jeſus
A92138	Lord Jeſus
A92138	Lord Jeſus
A92138	Abominations Rev
A92138	Ieruſalem ſay
A92138	S. R.
A47631	Accomplished Lady
A47631	E. N •• le Lady
A47631	Elect Lady
A47631	Quis virtutē
A47631	Iohn 14.23
A47631	Lu ••
A47631	Servants Pro
A47631	See Heb. 13.16
A47631	Eph 6.15
A64409	S. Tereſa
A64409	Bleſſed Lord
A64409	S. Tereſa
A64409	Servant M. T.
A45546	Worthy FRIEND
A45546	JOHN RVSHOVT
A45546	Honoured SIR
A62938	WILLIAM EARLE
A62938	Your Lordship's
A62938	George Took
A62938	FERDIN ANDO
A62938	GUSTAVUS ADOLPHUS
A16110	Generoſis Iuvenibus
A16110	Generoſi Juvenes
A16110	Quod ut
A16110	G. A. Londini
A66047	JOHN WILKINS
A90997	Whoſe Stilts
A90997	City Bath
A90997	Kind Cross
A90997	Treaſons Leprosy
A90997	R. P.
A89235	Henrietta Maria
A89235	Your Perſon
A89235	Your Nature
A89235	Your Fortune
A89235	Your Croſſes
A89235	Your Servants
A89235	Your Fortune
A89235	Your Piety
A89235	Your Neceſsities
A89235	Your Croſſes
A89235	Your Servants
A89235	Your Fortune
A89235	Your Piety
A89235	Your Neceſsities
A89235	Your Piety
A89235	• Deſignation
A89235	Your Modeſty
A89235	Your Perſon
A89235	this Draught of Devotion
A67233	KATHARINE D'AR
A89587	Jeruſalems Wall
A91224	PHILIP CARTERET Knight
A91224	Honoured Friend
A91224	Elizabeth Carteret
A91224	Philip Carteret
A91224	His Muſe
A91224	WILLIAM PRYNNE
A91224	Mrs Margaret Carteret
A91224	Philip Carteret Knight
A91224	Mrs Douſe
A91224	Margaret Prime Flowers
A91224	WILLIAM PRYNNE
A91224	William Balfoure
A91224	Your Noble Favours
A91224	WILLIAM PRYNNE
A91224	WILLIAM BALFORE Knight
A91224	Noble Favours
A91224	WILLIAM PRYNNE
A40728	S. Peter
A41355	John Downes ESQUIRE
A41355	the Duchy of
A41355	E. F. wishes the
A41355	E. F.
A91298	William Waller
A91298	Sir William Bruerton
A91298	Malignant Vipers
A91298	Neceſſary Defenſive War
A91298	Conſcience ;
A91298	Noble Perſons
A91298	Your Honours
A91298	WILLIAM PRYNNE
A91298	Cordial Deſirer
A91298	Malignant Cavallieres
A91298	AndCivilis Belli
A91298	Lucans Bella
A91298	O2 Sam.
A91298	Heroic Worthies
A91298	Sovereign Balm
A77856	Zealous Magiſtracy
A77856	Cornelius Burges
A77856	Stephen Marshal
A54678	MY LORD
A54678	Thomas Philipott
A42838	Richard Lovelace
A91187	Honourable Court
A91187	MOſt Religious
A91187	Judicious SENATORS
A91187	Solemn Vow
A91187	Monſtrous Insolences
A91187	Nationall Vow
A91187	Profane Apoſtates
A91187	Reformation ſo
A91187	Chriſtian Emperors
A91187	Martins Echo
A91187	Iohn Presbyter
A91187	Iohn Presbyter
A91187	Oh England-poſt
A91187	Ecclesiastical Supremacy
A91187	Pontifical Revenue
A91187	Gens antiquaruit
A91187	Schismatical Confederacy
A91187	Thomas Fairfax
A91187	Centurian Cornelius
A91187	Sir Samuel
A91187	Pedicant Captains
A91187	Enſign Ratford
A91187	Les Anabap
A91187	Honourable Aſſembly
A91187	Iack Cade
A91187	Religious Chriſtians
A91187	Presbyterial Church-Goverment
A91187	Honourable Aſſembly
A91187	New Wandring-ſtarres
A91187	Ecclesiastical Juriſdiction
A91187	Your Honours
A91187	WILLIAM PRYNNE
A88086	THOMAS MIDDLETON
A88086	Maſter IOHN GLYNNE
A88086	Worthy Sirs
A88086	JOHN LEWIS
A86786	John Arrowſmith Maſter
A86786	Worthy Sir
A86786	J. HALL
A27487	the Lord
A89420	Your Lordſhip's
A89149	Henry Wootton
A89149	Letter Written
A89149	HENRY WOOTTON
A89149	M. B.
A89149	Lord S. as
A89149	Alberto Scipioni
A89149	Your Friend
A89149	dateHenry Wootton
A29665	Epistles Dedicatory
A29665	Noble Lords
A29665	Noble Favour
A29665	Servant ROBERT BROOK
A86986	Privy Counsel
A86986	THis Sermon
A86986	Your Lordship's
A86986	NATHANIEL HALL
A86986	WILLIAM HALL
A12598	Your Grace
A12598	Your Grace
A12598	Your Grace
A12598	Your Grace
A12598	Your Grace
A12598	Your Grace
A12598	Your Grace
A12598	Your Grace
A12598	Your Graces
A12598	His Labours
A12598	William Somner
A97246	COurteous Reader
A97246	RICHARD VINES
A30262	Zealous Magistracy
A30262	Cornelius Burges
A30262	Stephen Marshal
A14727	Gretians it
A14727	Christs Dominion
A14727	the King of Kings
A14727	Highness ;
A14727	Mighty •
A14727	Clement King
A14727	Christs Ministers
A14727	▪ S. W.
A61470	Heavenly Spouse
A61470	Humble Meekness
A61470	the Head of
A61470	His Cross
A25886	Gratulatory Epiſtle
A25886	Mother ▪
A25886	L. C. Dominus
A25886	Jeſus Chriſt
A25886	Honours John Arrowſmith
A28926	M. ZACHARY BOYD
A48433	J. L.
A45482	Majesties Favour
A32323	Your Honours
A32323	Edward Calver
A32323	Moſt Noble
A32323	Reverenced Friend
A32323	JOHN STRVT
A32323	Lady Temperance
A32323	Edward Calver
A87629	Henry Jones
A87629	Honourable Houſe
A87629	Honourable Houſe
A87629	Friends W. Parſons
A87629	R. Dillon
A87629	J. Temple
A42725	Lord Bruce
A42725	Eleaſar Gilbert
A42725	Lady Bruce
A42725	Eleazar Gilbert
A26045	Dixi vos
A26045	Your Worſhips
A26045	IOHN ASPLEY
A46909	John Savile
A46909	Artaxerxes King
A46909	Your Worſhips
A46909	John Johnſon
A07979	Richard Braithwaite ESQVIRE
A07979	Thomas Nabbes
A90266	Thomas Lord Fairfax
A90266	Gods Preſence
A90266	Captain Gam
A90266	JOHN OWEN
A90266	Eſſex Octo
A90266	Honoured Sir
A90266	William Maſham
A90266	William Row
A90266	Thomas Honywood
A90266	Servant in the work of the Lord
A11519	Renowned Common-Wealth
A11519	F. P. V. S.
A11519	Pope Julius
A56976	Regal Diadem
A56976	Mrs Elizabeth Usher
A56976	Reverend Father
A56976	Lord Primate
A56836	Your Kingdoms Peace
A12817	Thomas Lord Howard
A12817	Earl Marshal
A12817	Heroic Virtues
A12817	Heresy to
A12817	Your Lordſhip
A12817	Your Lordſhip
A12817	Anthony Stafford
A12817	Your Ladyſhip
A12817	Questionless it
A12817	ANTHONY STAFFORD
A45542	Interveteres Philosophos
A45542	Faithful Servant
A29737	Mighty Prince CHARLES
A29737	Sovereign Lord
A29737	Thomas Walsingham
A29737	Sir Francis Bacon
A29737	Illustrious Prince
A29737	Some Eternized
A29737	Disce Puer
A29737	Fortunam ex
A29737	Illustrious Father
A29737	Nunc Dimittis
A29737	RICHARD BAKER
A01773	Sir Thomas Fisher
A21479	Adam Lawrence
A21479	Leonard Lawrence
A21479	Reader ; the
A21479	Barking Zoylus
A21479	Your Honoured
A21479	Leonard Lawrence
A21479	L. L. wishes the
A21479	Mistress M. S. O
A21479	Muses Nine
A21479	L. L.
A91314	THOMAS FA
A91314	RFAX Knight
A91314	Richer Preſent
A91314	Noble Acceptation
A91314	Church Diſcipline
A91314	Triumphant Chariot
A91314	Devoted Friend
A91314	WILLIAM PRYNNE
A17286	Viſcount MANDEVILLE
A17286	ture Nobility
A17286	S. John
A17286	S. John
A17286	Ieſus Chriſt
A17286	John Ep
A17286	S. Paul
A17286	Linen Ephod
A17286	Oh King
A17286	Charles the Emperor
A17286	See Act
A17286	Lord Harrington
A17286	Daniel in
A17286	Daniel of
A17286	Quis hic eſt
A17286	Chriſtian Reader
A17286	W. Gr
A67119	Charles Prince
A67119	Solomon King Iames
A67119	Digitus Dei
A67119	Sir Walter Rawleigh
A67119	Said Deus
A67119	Nursing Father's
A67119	FRANCIS WORTLEY
A85867	Valentine VVauton Eſquire
A85867	JOHN GAULE
A10663	Gracious Princess
A10663	God Almighty
A10663	Humble Servant
A10663	EDVVARD REYNOLD'S
A43598	T. B. )
A43598	Worthy Sir
A43598	T. H.
A37463	MOst Noble
A37463	This Tabernacle
A37463	Your Honours
A37463	D. L. M.
A37463	Henry Burton
A37463	Worthy Sir
A37463	Monthly Propositions
A37463	the Table of the Parallel of the 42
A37463	Euphraticall Jordan
A37463	D. L. M.
A34595	Him You
A34595	N. B.
A89563	Reverend Sirs
A89563	Learned Antagonist
A89563	Jude 3
A89563	John Goodwins
A89563	Edwards Ga
A89563	Salem God
A89563	Steven Marshal
A40024	Robert Judd
A40024	Honourable Aſſembly
A40024	William Lang
A43093	Honourable Gentlemen
A10790	Heroine Lady
A10790	DOROTHY SYDNEY
A10790	Lady DOROTHY SYDNEY
A28810	Richard Boothby
A28810	Majesty King Charles
A28810	India Merchant's
A28810	Richard Boothby
A28810	Hereof I
A28810	Cardinal Wolsey
A28810	Captain James Slade
A28810	Captain Slade
A28810	Captain Slade
A28810	William Slade
A28810	Nathanael Mountney
A28810	Richard Boothby
A67095	Iesus Christ
A67095	George Walker
A14290	Noble Lord
A14290	Old Souldours
A14290	Pauls Churchyard
A14290	Fornications Hooks
A14290	Gall Gulls
A14290	Fancies Madrigals
A14290	Paphian Lupercalls
A14290	Lust Till Honour
A14290	Limboes Vault
A14290	Purgatories Pain Redeemed
A14290	Turns Monk
A14290	Adams Tree
A14290	Drier Brain
A14290	Satans Sect
A14290	Tophets Pain
A14290	Jesus Christ
A14290	From Josephs Tomb
A14290	Saviours Cross
A14290	Books Soul-ravishing
A14290	My Lord
A14290	Christian Scripture
A14290	Babels Fornication
A14290	Tyrants Thr
A14290	Way I
A14290	Drunken Healths
A14290	Proud Foe
A14290	Whereat he Lion-like
A14290	Sureties Thrall
A14290	Aswell Divine
A14290	Wraths Cornet
A14290	Learned Art
A14290	Saint Lycia
A14290	Pure Gales
A14290	Cambriaes Soil
A14290	Worldlings Blandishment
A14290	Proud Raze
A38090	Apologetical Narration
A38090	M. Simpson
A38090	Judiciar •
A38090	Mr Simpson
A38090	Lege Remmia
A38090	M. Sympson
A38090	M. Sympson
A38090	M. P. and M. W.
A38090	M. Sympson
A38090	M. Sympson
A38090	Holiness of
A38090	M. Sympson
A38090	Sympsons Book
A38090	M. Sympson
A38090	Vincentio Epist
A38090	Beza Epist
A41427	THOMAS FAIRFAX Knight
A41427	Lord FAIRFAX
A41427	Bartholomeo de las Casas
A88947	RICHARD MATHER
A88947	WILLIAM TOMPSON
A08628	Iohn Suckling Knight
A08628	Wye Saltonstall
A32802	NOBLE SIR
A32802	G. Nys
A32802	Christi amissā
A32802	Christi Episcopos
A32802	Memoires de la
A32802	Petra Romana
A32802	Mola Asinaria
A32802	Wise Homer
A32802	Protestants Gulls
A32802	Heretics Tacit
A32802	Predecessor S. Anselm
A32802	Popish Socinians
A32802	Your Lordship's
A32802	Iohn White
A31115	Whereto Conſcience
A31115	Excellent Majeſty
A31115	Moſt Renowned Worthies
A31115	Whereat J
A86824	THOMAS STANLEY Eſquire
A81567	Thomas Wentworth
A81567	Thomas Wentworth
A81567	Servant GONZALO
A07711	S. THOMAS MOORE
A07711	L. Chancellor
A07711	Heir to
A85036	Moſt Sacred
A85036	Reverend Divines
A85036	Maſter Saltmarſh
A85036	Gods Aſſiſtance
A85036	Maſter Saltmarſh
A85036	Laſting Subſtance
A85036	Nephews Thomas Fuller
A70828	Viscount Herreford
A70828	Lord Bourcher
A70828	Roman Beast
A70828	Great General
A70828	Joshuahs Army
A70828	Iesus Christs
A70828	Lords Camp
A70828	Most Noble General
A70828	Thomas Palmer
A56191	Your Highness
A56191	Romes Errors
A56191	Your Highneſſes
A56191	WILLIAM PRYNNE
A32047	S. Augustine
A32047	Retracts it
A32047	S. Ambrose
A32047	Your Honours
A32047	Edmund Calamy
A87152	Jonahs Gourd
A87152	Lord Jeſus
A87152	Robert Harris
A93581	See Ordin
A93581	Nay,2 Pet
A46895	RICHARD GURNY Knight
A46895	Lord Major
A46895	St Bernard
A46895	Rachels Ben-oni
A46895	JOHN JACKSON
A91988	Your Lordship's
A32016	Monthly Fast
A32016	Monthly Feast
A32016	Jesus Christ
A32016	Monthly Fast
A32016	EDMVND CALAMY
A92196	JOHN RAYMOND
A28139	CHriſtian Reader
A28139	J. B.
A26825	Engliſh Malignants
A25221	Iohn Cordwell Knight
A25221	Lybbe Chapman
A25221	Captain Thomas Chambrelan
A25221	George Burrish Wardens
A25221	Apocalyptical Discourses
A25221	Paulinum Quot
A25221	Xenophon 〈
A25221	William Burton
A97067	Noble Lord
A97067	Rich Fraught
A97067	Your Lordſhip
A97067	Philosophical Diſcourſe
A97067	IOHN WALLIS
A47629	Queen Elizabeth
A47629	Optimum Parliamentum
A47629	Queen Elizabeth
A47629	Ecclesiastical Reformation
A47629	Church Mal
A47629	Levi Mal
A47629	Edward a
A47629	Queen Elizabeth
A47629	Capitulations ;
A47629	Prophet Jer
A47629	Bishop Ridly
A47629	Alphonsus King
A47629	MinisterMaster Buckley
A47629	Davids Counseller
A47629	Quid Deus
A47629	Gods Attributes
A47629	Mr Carill
A47629	Sir Francis Bacon
A47629	Rainoldus de lib
A47629	Petrus Lombardus
A47629	Academiarum Theologi
A47629	à Soto
A47629	Peter Lumbard
A47629	Irrefragabilis Thomas Aquinas
A47629	John Scot
A47629	Master Lombard
A47629	Irrefragable Doctor
A47629	Revetendissimus Episcopus
A47629	Vsserius De
A47629	Peter Lumbard
A47629	Solis Canonicis
A47629	Liber Judiciarius
A47629	Matthew Paris
A47629	Reverend Pastor
A47629	M. Ball
A47629	M. Ley
A47629	M. Bals Catechism
A96944	Lesbian Rule
A96944	Alſo S. Paul
A96944	Princeps Poetarum
A96944	BETH CHAIIM
A96944	AMICITIAS VOLO
A13014	RICHARD YOUNG
A13014	Knight Barone
A13014	GILBERT HARRISON
A96686	Honourable Members
A96686	Samuel Gorton
A96686	Samuel Gorton
A96686	Juſtice ſo
A96686	▪ Gorton
A96686	Great Sachim
A96686	Samuel Gorton
A28303	David,1 Chron
A28303	Moſes Rod
A28303	Mihi o Imperator
A28303	Jeſus Chriſt
A28303	ELIDAD BLACKWELL
A62101	Noble Sir
A62101	E. S.
A77323	William Barkeley
A77323	Worthy Sir
A77323	William Bagwell
A19347	Theophila Cook
A77148	London Pulpit
A45014	Honourable Houſes
A85683	Lord Biſhop
A85683	Honoured Lord
A85683	Reverend Father
A85683	JOHN GREGORY
A54668	Lord Chamberlain
A54668	THOMAS PHILIPOT
A70175	Chriſts Ordinances
A70175	M. S. to A. S. ſo
A44762	Sir W. S. Knight
A96652	Sir Charles
A96652	Lucians Momus
A96652	Saint Paul
A59164	Great Father
A59164	Your Majesty
A59164	Your Majesty
A59164	You Eternity
A59164	Heavenly Throne
A59164	Loyal Subject
A94736	Nathaniel Fiennes
A94736	Richard Cole
A94736	Alexander Popham
A94736	JOHN TOMBES
A66737	Mighty Prince
A66737	Your Montrose
A66737	Gracious Lord
A66737	Your Grace
A66737	Gracious Sir
A66737	Gracious Father
A66737	Gracious Sir
A66737	Swallowing Charybdis
A66737	Great Sir
A66737	Your Father
A66737	Gracious King
A66737	Gracious Lord
A66737	Gracious Sovereign
A66737	Gracious Lord
A66737	Gracious Sir
A66737	Your Father's
A66737	Mighty Prince
A28212	God Almighty ſo
A28212	Your Highneſſes
A28212	JOHN BERKENHEAD
A61359	GULIELMO PASTON BARONETTO
A61359	GULIELMO D'OYLY EQV
A61359	THOMAS STEPHENS
A61359	L. M. M.M.D.D.C.Q.
A27497	IAMES Lord Archbiſhop
A27497	Quaſi Deus
A27497	S. Paul
A27497	Conſtant Preaching
A27497	Spanhemius Profeſſor
A27497	P. Bertius
A27497	Ioan Selden
A27497	Abrah Scultetus
A27497	S. Pauls
A27497	S. Paul
A27497	the Honour of
A27497	Servant N. BARNARD Drogheda Aprill
A27163	IAMES Duke
A27163	Marble Statues
A27163	Your Highness
A27163	a Royal Father
A27163	Civil Confusions
A67068	Thomas Barrington
A67068	Gilbert Gerard
A67068	William Massam
A67068	Sir Martin Lumley
A67068	GEORGE WALKER
A26353	THOMAS ROE Knight
A26353	Honourable Patronage
A26353	Christian Princes
A26353	Iohn Dury
A26353	D. Luther
A26353	Christian Episcopacy
A26353	Nicolas Amsdorf Bishop
A26353	George Anhaltinus Bishop
A26353	Popish Monk
A26353	D. Luthers
A26353	P. Melanct
A26353	Heroical Spirit
A26353	Eras Epist
A26353	D. Luther
A26353	Christs Name
A26353	Thomas Hayne
A16685	RIGBY Esq
A79474	Your Lordship's
A79474	Hampſhire :
A79474	Servant Francis Cheynell
A43483	Maurice Prince
A43483	Frederick Henry
A43483	Your Lo
A49256	Thomas Fairfax
A49256	Protestant Religion
A49256	Great General
A49256	Master Dell
A49256	Master Dell
A49256	Master Dell
A49256	Dells Epistle
A49256	Dells Epistle
A49256	Noble General
A49256	Excellent Self
A10822	Martin Bond
A10822	George Wawker
A10822	Marmaduke Royden
A10822	George Langham
A10822	Iohn Venn
A10822	Edward Dichfield
A10822	Thomas Covell
A10822	Edmond Forster
A10822	William Ge
A10822	Samuall Carlton
A10822	Tobias Massy
A10822	Randolph Mo
A10822	Henry Sanders
A10822	Nicolas Beale
A10822	Robert Davis
A10822	Mathew Forster
A10822	Iohn Bradley
A10822	Rouland Wilson
A10822	Iames B
A10822	WORTHY FRIENDS
A01342	JOHN POWLET
A01342	JOHN Lord POWLET
A01342	Your Father's
A01342	Noble Patroness
A52043	Stephen Marshall
A34593	Noble Uncle's
A34593	Royal Father
A34593	Regal Endowments
A34593	Highneſs Uncle
A34593	J. B.
A88290	Honoured Friend
A88290	JOHN THOMPSON
A88290	Engliſh Merchant's
A88290	Gerard Mercator
A88290	Favour me
A12143	Cornet George Porter
A12143	Charles Porter
A12143	W. A.
A03233	Lord Mayor
A03233	Edict De
A03233	Lex Acilia
A38663	ANTHONY NICOLL
A49748	Moſt Sacred Majesty
A49748	Gracious Sovereign
A49748	Your Majesty
A49748	William Laws
A49748	Your Majesty
A49748	Your Majesty
A49748	The King of Heaven
A49748	Your Majesty
A49748	Moſt Sacred Majesty
A49748	Gracious Sovereign
A49748	Your Majesty
A49748	William Laws
A49748	Your Majesty
A49748	Your Majesty
A49748	The King of Heaven
A49748	Your Majesty
A29223	RICHARD HUTTON Knight
A70279	Noble Friends
A70279	— D. Knight .
A03196	ROBERT COOKE
A03196	T. H. Excellent Creature
A78965	Thomas Adams
A78965	Jeſus Chriſt
A89500	through2 Cor.
A89500	THOMAS MANTON
A13010	A. B.
A37176	Ecclesiastical Constitutions
A01052	IOHN FORD
A70130	Thomas Atkin
A70130	Lord Major
A70130	Queen Elizabeth
A70130	Thomas Middleton
A70130	Thomas H
A70130	W. GOUGE
A57248	THOMAS FAIRFAX
A57248	you,1 Sam
A57248	Your Honours
A30577	Viſcount Hereford
A30577	Baron Ferrars
A30577	Lord Bourchier
A30577	Honourable Privy Counſel
A30577	Proteſtant Religion
A30577	The Lord of
A56828	RICHARD ROYSTON
A64057	CHRISTOPHER HATTON Knight
A64057	H. Church
A64057	Ecclesiam Malignantium
A64057	Chartâ Edgar
A64057	Religio S. Matris Ecclesiae
A64057	K. Iohn's
A64057	H. Church
A64057	Aeneas Sylvius
A64057	Lay Dispensation
A64057	K. Allured
A64057	Faelicia tum tempora
A64057	Reges Deo
A64057	Bishop Morton
A64057	Bishop Fox
A64057	St Augustine Archbishop
A64057	Servant J. TAYLOR
A89564	Lukewarm Laodicea
A89564	Englands Emblem
A89564	John Baptiſt
A30714	Iohn Bullack
A30714	Your Friend
A30714	Richard Butcher
A86226	Chriſt Jeſus
A86226	Father W. HERBERT
A30249	Honoured Madam
A30249	Pharisaical Popery
A30249	Anthony Burgeſs
A89567	Stephen Marshal
A69129	Honourable LORDS
A69129	WILLIAM TEELING
A69129	Noble Lords
A69129	W. Ames
A47791	Saint Basill
A47791	Saint Paul
A47791	HAMON L'ESTRANGE
A57143	God,2 Cor
A16650	Puppy Motions
A16650	the Constable of the Ward
A16650	Single Skirmishes
A16650	Musaeus Adieu
A65268	RICHARD CAMDEN
A65268	SAint Augustine
A25370	Philip Sidneys
A25370	Virgin Ʋre
A25370	N. N.
A17129	Helena Phelips
A17129	Lady Marchioness
A17129	E. B. wishes the
A17129	E. B.
A10279	Thomas Metham
A10279	Richard Croſhawe
A10279	Richard Croſhaw
A37285	George Butler
A37285	Worthy Sir
A37285	Noble Perſonage
A37285	JOHN DAY
A39313	NOble Princes
A39313	Ieſus ChriſtRev
A39313	▪ Revel
A39313	Ieſus Chriſt
A39313	Potters Veſſel
A39313	Horſe Courſer
A39313	Reverend Father's
A39313	Ieſus Chriſt
A39313	Ieſus Chriſt
A39313	Jeſus Chriſt
A39313	Anno Dom
A39313	Apoſtolical Presbytety
A67073	Robert Earl
A67073	William Viscount Say
A67073	Edward Viscount Mandevilc
A67073	Robert Lord Brook
A67073	John Lord Roberts
A67073	Most Noble LORDS
A67073	We Christians
A67073	Parish Church
A61475	Worthy Senators
A61475	Honourable Father's
A61475	Iesus Christ
A61475	Jesus Christ
A61475	Ezekiel ;
A61475	Peter Sterry
A10267	MOST DEER
A94735	Richard Aldworth Eſquire
A94735	Chriſt Ieſus
A94735	JOHN TOMBES
A88148	Judgements ;
A88148	Johns Goſpel
A88148	Iohn Lightfoot
A95751	Almighty God
A95751	Your Ladyships
A95751	THOMAS URQUHART
A51725	Honoured Lord
A51725	Your Lordship's
A51725	RICHARD WHITAKER
A51725	Heroical Name
A76316	John Turner
A76316	T. B. In
A44724	Great Sir
A35730	DERING Knight
A35730	Verum Evangelium
A35730	Maxentius Johannes
A35730	Saint Peters
A35730	Noble Person
A35730	Your Favours
A35730	Your Lordsh
A35730	Edward Dering
A38409	One Good
A91309	Pythagorean Metempſychoſis
A91309	Antiparliamentary Poſitions
A91309	Poteſtas Eccleſiaſtica
A91309	Civil Magiſtrate
A91309	Thomas Edwards
A91309	Ecclesiastical Cauſes
A91309	Anomolous New-Way
A91309	Germane Anabaptiſts
A91309	Rob ••
A91309	Apology Separatiſts
A91309	Iohn Goodwins Theomachia
A91309	Innocencies Triumph
A91309	Solemn Vows
A91309	Iohn Goodwins
A91309	Iohn Goodwins Theomachia
A91309	Inocencies Triumph
A91309	William Prins Twelve Queſtions
A91309	Burtons Vindication
A91309	ONLY Head
A91309	Riffe Raffe
A91309	Popiſhly or
A91309	Antimonarchical Paradoxes
A91309	Malignant Prelates
A91309	Antiparliamentary Cavaliers
A91309	Antiparliamentary Paradoxes
A91309	A. S. p. 111
A91309	Burtons Vindication
A91309	Brotherly Admonition
A91309	Innocencies Triumph
A91309	Chriſtian Princes
A91309	ſundry Divine
A91309	Honourable Patronage
A91309	Samuel Rutherford
A91309	Thomas Edwards
A91309	Gulielmus Apollonius
A91309	Firſt Part
A91309	Chriſtian Princes
A91309	Edward Cooks Fourth Inſtitutes
A91309	Religious Care
A91309	Honourable Aſſembly
A91309	Your Honours
A91309	William Prynne
A66597	à Lap
A66597	Melchior Adam .
A66597	Christum Domini
A66597	Zwinglius de bello Helvetico
A66597	Bellum cui nos
A66597	THOMAS WILSON
A57656	A. R.
A85370	paid1 Sam.
A85370	Marcus Antonius
A78979	Gregory Nazianzen
A78979	Jacob Gods
A78979	Jacob ;
A78979	Honours Spiritual
A78979	EDMUND CALAMY
A01849	Richard Hurſt
A01849	S. B.
A85371	Ambroſe ſay of
A85371	All Athens in
A64135	Baron HATTON
A64135	Jesus Christ
A64135	Humani Ad Scapulat
A64135	S. Cyprian
A64135	S. Hilary
A64135	Minutius Felix
A64135	Sulpitius Severus
A64135	S. Chrysostome
A64135	S. Hierom
A64135	S. Austin
A64135	S. Bernard
A64135	Bishop Proclus
A64135	Pelli è
A64135	Parem cum
A64135	Nemo cui
A64135	King Iames
A64135	Son Maximilian
A64135	George Cassander
A64135	Emanuel Philibert
A64135	S. Austin
A64135	Pope Vigilius
A64135	S. Dominick
A64135	Aruleno Ruslico
A64135	Deus Ut
A64135	Gregory Nazianzen
A64135	S. Austin
A64135	Honoured Lord
A64135	J. TAYLOR
A64135	CHRISTOPHER HATTON Knight
A64135	H. Church
A64135	Ecclesiam Malignantium
A64135	Religio S. Matris Ecclesiae
A64135	K. Iohn's
A64135	H. Church
A64135	Aeneas Sylvius
A64135	Lay Dispensation
A64135	K. Allured
A64135	Faelicia tum tempora
A64135	Reges Deo
A64135	Bishop Morton
A64135	Bishop Fox
A64135	St Augustine Archbishop
A64135	Servant J. TAYLOR
A64135	R. Father
A64135	the Laws of England
A64135	S. Paul
A47618	Room Papal
A47618	Saint Peter
A47618	Saint Paul
A47618	Jacobus Iustus
A47618	Speeds Chro
A47618	Q. Marry
A47618	Foxes Martyrology
A47618	George Eagles
A47618	Ralph Lurdane
A47618	George Eagles
A47618	George Eagles
A47618	Stephen Gardiner
A47618	Dr Whittington
A47618	Fox ubi
A47618	D. Story
A47618	William Wolsey Martyr
A47618	Richard Denton
A47618	Queen Marry
A47618	Queen Elizabeth
A47618	Martin Luther
A47618	Master Co
A47618	LecturersMr Marshal
A47618	Christian Friend
A59685	Mr W. Greenhill
A04155	Timothy Hutton
A04155	Edmund Cleburne
A04155	Philip Hutton
A04155	Thomas Hutton
A04155	Arch-Bishop Hutton
A04155	Timothy Hutton
A04155	Iesus Christ
A04155	IOHN IACKSON
A85889	MOſt Noble Senators
A85889	Superſtitious Jesu-worship
A85889	Maſter Barton
A85889	Mark ▪
A45319	Moſt Honourable LORDS
A45319	Noble KNIGHTS
A57529	ROBERT Earl
A57529	Z •
A57529	Noble Lady
A57529	DANIEL ROGERS
A13393	HONOURED SIR
A40668	Jure Divino
A40668	Latin Father's
A40668	Thy Brother
A34821	I S. of P. Esquire
A34821	Honoured Sir
A40683	IOHN DANVERS
A40683	Your Servant
A40683	THOMAS FULLER
A93655	Thomas Fairfax
A93655	Noble SIR
A93655	Master Prynne
A93655	Jeſus Chriſt
A93655	The Lord
A93655	Jeſus Chriſt
A93655	John Saltmarſh
A52051	Servant in
A01531	JOANE PARKER
A01531	Longum e
A01531	M. And •
A01531	Nescio qo
A01531	Reverend Divine
A01531	William Bradshaw
A01531	Nam lux
A01531	Sen Agam .
A01531	Idem ad Po
A01531	Qi m
A01531	Caesar Ad
A01531	Rex veli
A01531	Regis ad exemplū
A01531	Vbi vo
A01531	Basil orat
A71286	Monthly Fast
A71286	Schismatical Separatists
A71286	Kingdom ▪
A57659	Your Worships
A43318	Master Henderson
A43318	Elsynge Cler
A43318	D. Com
A43318	Robert Bostocke
A43318	Alexander Henderson
A32856	JOHANNES CAMILTONUS
A32856	W. F. X. B.
A01779	THOMAS LORD WENTWORTH
A01779	Heroic Nature
A50854	Noble Lord
A50854	Humphrey Mill
A50854	Deserving Gentry
A50854	These Flyblown
A41009	Est hic
A41009	Caius Caesar
A41009	Master Calvin
A41009	Bloody •
A41009	Papirius Cursor
A41009	Carpet Knight
A41009	JOHN DOWNAM
A41009	Worthy Sir
A41009	A. Ritter
A41009	S. Jerome
A41009	S. Paul
A37192	PHILIP Earl
A37192	Noble Lord
A02741	Richard Fishburne
A02741	Your Worships
A02741	WILLIAM HARRISON
A29432	Divine Diſpenſation
A29432	Mr Williams
A29432	Proteſtant Aſsemblies
A29432	Proteſtant Aſsemblies
A29432	Chriſtian Parliament
A29432	Provincial Synods
A29432	Your Lordſhip
A29432	the Noble Patriots
A29432	The Lord
A29432	Your Lordship's
A29432	R. Baily ▪ London
A77507	Doctrinae Sanitati
A77507	D. D. D. Joannes Brinſleius
A57648	FRANCES Countess
A57648	JOHN Earl
A57648	Noble Lady
A82317	Falſe Prophet
A82317	Ius Divinum
A82317	Ius Divinum
A82317	Loves Sermon
A82317	Presbyterial Doctrine
A82317	Dells Sermon
A42281	Charles Emanuel
A39282	The Rule of Faith
A39282	JOHN ELLIS
A10190	Noble Senare
A10190	Heathenish Tyranny
A10190	Royal Posterity
A10190	Your Honours
A77506	Aqua Coeleſtis
A50772	WILLIAM MEVVE
A97343	Idols Ier
A97343	His Cords
A97343	The Lord
A56144	Popiſh Superſtition
A56144	Prelatical Sycophants
A56144	Traitorous Predeceſsor
A56144	Antiquicates Eccleſiae Brit
A56144	M. Fox Act
A56144	Juſtice de ſon
A56144	Ribadeniera Flures des Vies des Saints
A56144	Saint Williams
A56144	Reverend Father
A56144	William Lord Archbiſhop
A56144	Reverend Father
A56144	William Lord Archbiſhop
A56144	Pamphlet Imprinted
A56144	Renowned Prelate
A56144	Anonymous Pamphleteers
A56144	Vſum Sarum
A56144	Jesuitical Stratagems
A56144	Traitorous Practiſes
A56144	Popiſh Doctrines
A56144	Londons Chaplains
A56144	M Dell
A56144	Commons Houſe
A56144	Theſe Objections
A56144	Your Honours
A56144	Antiparliamentary Libels
A56144	L. Col
A56144	Your Honours
A56144	Firſt Part of
A56144	See Mat
A56144	Eſter c
A56144	Popiſh Plots
A56144	Arminian Soul-deſtroying
A56144	Profanations ;
A56144	Willielmo Laud
A56144	Archiepiſcopo Cantuarienſi
A56144	Williamus Laud
A56144	Willielmum Laud
A56144	Regni Noſtri
A56144	Willielmum Laud
A56144	Regalem Poteſtatem
A56144	Willielmum Laud
A56144	Willielmum Laud
A56144	Willielmus Laud
A56144	Willielmum Laud
A56144	Willielmum Laud
A56144	Willielmum Laud
A56144	Succeſſores Noſtri
A56144	Willielmum Laud
A56144	Willielmo Laud
A56144	Willielmo Laud
A56144	Willielmo Laud
A56144	Willielmo de
A56144	Willielmus Laud
A56144	Curiis Nostris
A56144	Willielmus Laud bonam
A56144	Regis Angliae
A56144	Progenitoris Noſtri
A56144	Regni ſui
A56144	Et Non
A56144	Regis Edwardi
A56144	Regis Ricardi
A56144	Arch Traitor
A56144	Biſhop Uſher
A56144	Noble Knight
A56144	Charles Coote
A56144	Charles Coote
A56144	Proteſtant Arch-Prelate
A56144	Honourable Aſſembly
A56144	Your Honours
A56144	Iohn Lilburn
A56144	Englands Birthright
A56144	Your Honours
A56144	WILLIAM PRYNNE
A27499	Worthy Chriſtians
A27499	John Baptiſt Lycia
A27499	Chriſt in
A27499	Priſon Revel
A27499	Iohn Baptiſt
A27499	Chriſt You
A27499	Jeſus Chriſt
A27499	Chriſts Nativiny
A27499	Chriſt Ieſus
A27499	Chriſts Nativity
A27499	Deaf ▪
A27499	Temperance Patience
A50030	TO M. G. M. IN
A03092	Noble Sir
A03092	R. H.
A94457	Honourable Houſe
A94457	Honours Wisdoms
