A46895	GURNY Knight
A46895	Lord Major
A46895	St Bernard
A46895	Rachels Ben-oni
A46895	JOHN JACKSON
A46823	Jeſus Chriſt
A29975	Religio Medici
A29975	My Lord
A12598	Honourable Privy Councell
A12598	Your Grace
A12598	Your Grace
A12598	Your Grace
A12598	Your Grace
A12598	Your Grace
A12598	Your Grace
A12598	Your Grace
A12598	Your Graces
A12598	William Somner
A15606	The new
A85867	JOHN GAULE
A40728	S. Peter
A86261	J. V. wiſheth
A86261	D. Baker
A86261	Queenes Colledge
A86261	Popiſh Pouder-Plot
A86261	JOHN VICARS
A86261	Richard Gurney
A86261	Lord Major
A86261	Worſhipfull S. Chriſtopher
A86261	Clethrow Knight
A86261	William Acton Knight
A86261	Pindar Knight
A86261	Alderman Atkins
A86261	Alderman Adams
A86261	John Babington Treaſurer
A86261	Roger Drake
A86261	M. Richard Aldworth
A86261	Iohn Vicars
A86261	Poore Orphant-cheering-
A86261	JOHN VICARS
A14290	Noble Lord
A14290	Old Souldours
A14290	Midwives Doome
A14290	Pauls Church-yard
A14290	Fornications Hookes
A14290	Gall Gulls
A14290	Fancies Madrigalls
A14290	Mans Free-will
A14290	Joves Beard
A14290	Infernall Deepe
A14290	Limboes Vault
A14290	Purgatories Paine
A14290	Playes Whirligig
A14290	Celestiall Armes
A14290	seduc'd Old Adams Tree
A14290	Satans Sect
A14290	The Old Mans Quirk
A14290	Tophets Paine
A14290	Jesus Christ
A14290	Bookes Soule-ravishing
A14290	Nice Schoole-mens
A14290	Truths Prerogative
A14290	My Lord
A14290	Christian Scripture
A14290	Babels Fornication
A14290	Tyrants Thr
A14290	Lawes Rigour
A14290	Promooting Scribes
A14290	Drunken Healths
A14290	Proud Foe
A14290	Mens Frailty
A14290	Suerties Thrall
A14290	Wraths Cornet
A14290	Learned Art
A14290	Saint Luke
A14290	Anothers Idoll-store
A14290	Girald liv'd
A14290	Cambriaes Soile
A14290	Musicks Harmony
A14290	Hearts Consent
A14290	Worldlings Blandishment
A14290	Proud Race
A14290	Your Traine
A14290	Sires Heraldry
A14290	Quantò Lux Tenebras
A14290	Succidus Hum
A14290	Mens Pia
A87152	Jonahs Gourd
A87152	Lord Jeſus
A87152	Servant in
A87152	Robert Harris
A21479	Adam Lawrence
A21479	Leonard Lawrence
A21479	Reader; the
A21479	Carping Momus
A21479	Barking Zoylus
A21479	Virgils Verse
A21479	Hos ego
A21479	Leonard Lawrence
A21479	L. L. wisheth
A21479	M. S.
A21479	Muses Nine
A21479	L. L.
A43819	Ecclesiasticall Synods
A43819	See Bloody Tenent
A43819	The Lord in
A43819	the Prince of Peace
A43819	Earth.1 Chr
A43819	THOMAS HILL
A07542	THOMAS Earle
A07542	Servant: HUMPHRY MILL
A07542	H. M.
A03196	ROBERT COOKE
A03196	T. H.
A54668	Lord Chamberlain
A54668	THOMAS PHILIPOT
A30714	Iohn Bullack
A30714	Richard Butcher
A70159	the Lord
A70159	The Lord
A70159	Servant L. G.
A91327	JOHN KENRICK
A91327	Worthy Gentlemen
A70378	S. MARTINS
A70378	I. I.
A95897	THOMAS ADAMS
A95897	I. V.
A95897	Gracious Honour
A95897	Prophet Jeremy
A95897	Goſpell Reformation
A95897	Honours Piety
A95897	Engliſh Sion
A95897	John Vicars
A86360	Great Councell
A86360	Quomodo huc cecidiſti
A86360	True Religion
A86360	Worthy Sirs
A86945	Iohn Clotworthy Knight
A61470	Noble Senatours
A61470	Heavenly Spouse
A61470	Humble Meekenesse
A61470	the Head of
A94457	Honourable Houſe
A18334	Don Diego Puede-Ser
A43562	Parliament Robes
A43562	Blaſpheming Theefe
A43562	Puritanicall Parliament
A43562	River TIBER
A43562	Jdolizing Neighbours
A43562	Theſe Mother-Churches
A43562	A Royall Convocation
A43562	Provinciall Councells
A43562	Semi-pelagian Pamphlets
A43562	Richard Heyricke
A56256	Gracious Father
A56256	MY LORD
A56256	My Lord
A56256	H. P.
A47074	S. Iones
A66596	EDWARD DERING
A10267	MOST DEARE
A10267	Lady Quarles
A17129	Lady Marchionesse
A17129	E. B. wisheth the
A17129	E. B.
A91231	Worth as
A91231	Worth to
A91231	H. PARKER
A51324	Knight Sir Thomas Moore
A51324	Lord Chancellour
A51324	W. S.
A41355	Collonel John Downes ESQUIRE
A41355	E. F. wisheth the
A41355	E. F.
A70130	Thomas Atkin
A70130	Lord Major
A70130	Queene Elizabeth
A70130	Thomas Middleton
A70130	Thomas H
A25906	William Playters Knight
A25906	Daniel in
A25906	Aſſyrian Monnrchy
A85371	Ambroſe ſay of
A85371	All Athens in
A85728	Et Deus
A85728	Ieſum Chriſtum
A85728	Harbottellus Grimſtonius
A46836	the1 Tim
A46836	through2 Cor.
A46836	saved1 Cor.
A46836	Mary Magdalen
A46836	Drake Revived
A46836	Jesus Christ
A46836	Isa. 2
A46836	Isa. 24
A46836	Iesus Christ
A46836	HIS RESCPECTED FRIEND
A46836	MARIE WIGHT
A46836	Lawrence Pountney
A46836	Daughter Sarah
A46836	Jesus Christ
A46836	Jesus Christ
A46836	Moonth Ziu
A46836	Iesus;HENRIE JESSE
A46836	SARAH WIGHT
A14727	Gretians it
A14727	Master Bee
A14727	Christs Dominion
A14727	befalleth Princes
A14727	the King of Kings
A14727	Clement King
A14727	S. W.
A30300	Baron Beaufort
A30300	some Royall Majestie
A44991	THOMAS STANLEY
A44991	R. D.
A08628	Wye Saltonstall
A85448	Lord Maior
A85448	God Almighty
A85448	God Almighty
A30577	Baron Ferrars
A30577	Lord Bourchier
A30577	Proteſtant Religion
A30577	The Lord of
A28809	Soveraigne Lord King CHARLES
A28809	Commons Assembled
A28809	Honourable Court
A28809	MOst Gracious
A28809	Honours Vertues
A28809	Royall Posterity
A28809	Saint Lawrence
A28809	Majesties Honour
A28809	Royall Majesty
A28809	Your Majesty
A28809	Your Majesties
A28809	Christian Charity
A28809	Loyall Subject
A28809	Richard Boothby
A43441	Publique Day
A43817	Apologizing Epistle
A43817	Robert Grosthead
A43817	Helpe O King
A43817	Noble Worthies
A43817	THOMAS HILL
A54990	Earl Palatine
A54990	Beauchamp Plantagenet
A54990	Garaſey Iſles
A54990	Richard Plantagenes
A54990	Saint Chriſtophers
A54990	Saint Chriſtophers
A54990	Rebell Negro
A54990	Virginia Oxen
A54990	Saint Sebaſtans
A54990	Manhatas Iſle
A54990	Long Iſle
A54990	Cape May
A54990	Captain Marſhall
A54990	William Berkley Governour
A54990	Ope Chankino
A54990	M. Leonard Calvert Governour
A54990	the Lord Baltamore
A54990	Captain Clayborn
A54990	Kent Iſle
A54990	Long Iſle
A54990	M. Evelins
A54990	Earl Palatine
A54990	Obſervations of Law
A54990	Lord Royall
A54990	Romane Manuples
A54990	Terras Bolarmack
A54990	Potas Dies
A54990	Captain Generall
A54990	Count Palatines
A54990	County Palatines
A54990	County Palatine
A54990	Earl Palatine
A54990	Francis Lord Ployden
A54990	D. Governour
A54990	Thomas Lord Ployden
A54990	Katherine Baroneſſe
A54990	C. C. T.
A54990	Baronets L. and M. to
A54990	BEAUCHAMP PLANTAGENET
A30235	Worthy Patriots
A92138	Dei ſe
A92138	Jeſus Chriſt
A92138	Marius ex
A92138	Chriſt Jeſus
A92138	Lord Jeſus
A92138	Lord Jeſus
A92138	Ieruſalem ſay
A92138	S. R.
A97129	Maſter Thomas Cart
A97129	William Wilſon
A97129	Maſter William Croſte
A97129	Maſter Thomas
A97129	Iohn Millington
A97129	Henry Lane
A97129	Thomas Clarke
A97129	Edward Phelps
A97129	Iohn Ward
A97129	John Ward
A94728	Friend Mr
A94728	James Ruſſel
A94728	JOHN TOMBES
A85485	William Gouge
A38677	King Francis
A38677	Queene Iane
A38677	Queene Mary
A38677	Queene Elizabeth
A38677	Heroicall Deviſes
A38677	SEMPER EADEM
A38677	Philip Sidney
A38677	SINE REFLUXU
A38677	Saint Michael
A38677	MALLEM MORI
A38677	MUTO QUADRATA ROTUNDIS
A38677	Academicall Sesſion
A38677	T. B.
A81339	Ego almum lac Magdalenenſis
A81339	Georgius Dering
A81339	Deus O. M. ſoſpitet
A81339	Muſae Athenas
A81339	Reverentia Academica
A81339	Quippe Academicam
A81339	Dion▪ Long
A81339	Surendenâ Deringorum
A90265	EDWARD SCOT
A90265	C. Weſtrow
A90265	JOHN OVVEN
A16650	Puppy Motions
A16650	Single Skirmishes
A38771	Coelestiall Influences
A38771	Coelestiall Glories
A38771	JOHN EVANS
A59685	W. Greenhill
A03845	ANNE WENTWORTH
A03845	Lady Arabella
A03845	Pearled Crowne
A03845	QUI BIEN
A45550	JOHN GAYR Knight
A45550	Nathanael Hardy
A12143	Cornet George Porter
A12143	Charles Porter
A12143	W. A.
A04909	THOMAS SOAME
A04909	JOHN VEN
A04909	Campus Martius
A04909	Nicolls Oxon
A70701	VVilliam Neale
A70701	Gaspar Waserus
A70701	Optarem ut
A70701	T. N.
A42838	Richard Lovelace
A45319	Moſt Honorable LORDS
A45319	Noble KNIGHTS
A44762	Sir W. S. Knight
A16927	Good Men
A16927	Richard Brome
A38409	One Good,
A38409	Liber Ibis▪
A89583	Odit Deus
A89583	Againſt ſin
A25886	Gratulatory Epiſtle
A25886	"L. C.
Dominus"
A25886	Jeſus Chriſt
A25886	John Arrowſmith
A91309	Pythagorean Metempſychoſis
A91309	Poteſtas Eccleſiaſtica
A91309	Civill Magiſtrate
A91309	Epiſcopius Diſput
A91309	Thomas Edwards
A91309	Eccleſiaſticall Cauſes
A91309	Anomolous New-Way
A91309	Apology Separatiſts
A91309	Iohn Goodwins Theomachia
A91309	Innocencies Triumph
A91309	Solemne Vowes
A91309	Iohn Goodwins Theomachia
A91309	Inocencies Triumph
A91309	An Anſwer to Mr.
A91309	William Prins Twelve Queſtions
A91309	Burtons Vindication
A91309	ONELY Head
A91309	Chriſts Kingdome
A91309	Riffe Raffe
A91309	An Anſwer to Mr. Prynnes
A91309	Popiſhly or
A91309	Anti-Monarchicall Paradoxes
A91309	Malignant Prelates
A91309	A. S. p. 111
A91309	Burtons Vindication
A91309	Chriſts Kingdome
A91309	Iohn Goodwins
A91309	Brotherly Admonition
A91309	Innocencies Triumph
A91309	Nocturnall Lucubrations
A91309	Chriſtian Princes
A91309	ſundry Divine
A91309	Hiſtoricall Preſidents
A91309	Honourable Patronage
A91309	Samuel Rutherford
A91309	Thomas Edwards
A91309	Gulielmus Apollonius
A91309	Edward Cookes Fourth Inſtitutes
A91309	Religious Care
A91309	Honourable Aſſembly
A91309	William Prynne
A96494	GEORGE WILDE
A35343	Noble Senatours
A35343	Reall Signification
A35343	Publick Emploiments
A35343	Noble Gentlemen
A35343	Publick Spheare
A35343	RALPH CUDWORTH
A85664	Adams ſinne
A85664	Publius Decius
A85664	Deum Rabbi Gamel
A85664	Fagio Capit
A85664	VVhen Ieruſalem
A85664	Hoc Regnum
A85664	Thinke on
A85664	the Lord for
A85664	Vnworthy Servant
A85664	WILLIAM GREENHILL
A54808	A. RIVERS
A54808	Honourable Algernon Percie
A54808	Earle of
A54808	Noble Stemme
A54808	Martiall Linage
A48433	J. L.
A92764	Noble Lord
A92764	eminentE. M. for
A92764	an Elect Lady
A92764	Saint Auguſtine
A92764	The Lord
A39599	Nathaniel Barnardiſton
A27789	Honourable Court
A27789	Great Chronicles
A27789	EDVVARD Earle
A27789	Fret Errinnys
A58824	G. C. AND HIS VERTUOUS LADIE
A58824	Your Beadſ-man
A58824	T. S.
A91855	De Poenitent
A91855	Joel 2
A91855	I. The SVVORD
A91855	Gods Church
A91855	Gods Meſſengers
A66047	JOHN WILKINS
A30650	WILLIAM PRINNE
A02454	Your Majestie
A07979	Richard Braithwaite ESQVIRE
A07979	Thomas Nabbes
A42751	Lady Clerke
A01531	JOANE PARKER
A01531	Id. de Past
A01531	Longum e
A01531	Nescio qo
A01531	Reverend Divine
A01531	William Bradshaw
A01531	Nam lux al
A01531	Sen Agam.
A01531	Idem ad Po
A01531	Qi m
A01531	Caesar Ad
A01531	Pedo ad Liv
A01531	Regis ad exemplū
A01531	Basil orat
A29737	Mighty Prince CHARLES
A29737	Soveraigne Lord
A29737	Thomas Walsingham
A29737	Sir Francis Bacon
A29737	Lord Chancellour
A29737	Your Royall Grand-Father of
A29737	Illustrious Prince
A29737	Some Eternized
A29737	Royall Father
A29737	Disce Puer
A29737	Fortunam ex
A29737	Illustrious Father
A29737	Nunc Dimittis
A29737	RICHARD BAKER
A12145	Henry Osborne Esquire
A07330	Kenelme Digby
A61119	Noble Citizens
A61119	JOHN SALTMARSH
A26825	Welch Nation
A26825	Engliſh Malignants
A05590	Your Noble
A05590	Heroicke Vertues
A05590	WILLIAM LITHGOVV
A29665	Epistles Dedicatory
A29665	Noble Lords
A29665	Servant ROBERT BROOKE
A91298	Honourable Lord Ferdinando Fairfax
A91298	William Waller
A91298	Sir William
A91298	Malignant Vipers
A91298	WILLIAM PRYNNE
A91298	Chriſtian Reader
A91298	Defenſive Armes
A91298	Majeſties Popiſh
A91298	Malignant Cavallieres
A91298	AndCivilis Belli
A91298	Gratian Cauſ
A91298	Rō. Hiſt
A91298	Barbarous Inhumanity
A91298	O2 Sam.
A91298	Soveraigne Balme
A77497	Heereupon it
A77497	Lucas de Medico
A77497	Phil.the Pen-men
A77497	1642 Church-Reformation
A77497	M. Cooke
A77497	M. Calvin
A77497	S. 4.not
A97067	Noble Lord
A97067	Lordſhips Treatiſe
A97067	Lordſhips Name
A97067	Rich Fraught
A97067	Philoſophicall Diſcourſe
A97067	Vnmask ſo Faire
A97067	Dazling Brightneſſe
A97067	IOHN WALLIS
A07970	THOMAS NABBES
A85716	Sonne G. Grimstone
A85716	Jeſus Chriſt
A85716	Chriſt Jeſus
A85716	Jeſus Chriſt
A85716	Harbottle Grimſtone
A12182	Viscount MANDEVILL
A12182	LADY ANNE
A12182	D. Sibbs
A12182	Non ex
A02520	Learned CLERGY
A02520	Faithfull COMMONALTY
A02520	J. Exon Wisheth
A56969	Toyish Ayres
A96652	ROBERT SHIRLEY
A96652	Knight Baronet
A96652	Lucians Momus
A96652	Unus Plato
A96652	Saint Paul
A96652	IOHN WILSON
A89567	Your Lordſhips
A89567	Stephen Marſhall
A25221	Iohn Cordwell Knight
A25221	Captaine Thomas Chambrelan
A25221	George Burrish Wardens
A25221	Apocalypticall Discourses
A25221	Paulinum Quot
A25221	William Burton
A92196	Duke of
A92196	Your Highneſſe
A92196	JOHN RAYMOND
A86824	THOMAS STANLEY Eſquire
A86824	J. HALL
A31933	Nicephorus Phocas
A31933	Nationall Reformation
A28186	Colonell Richard
A28186	Cordiall Comfort
A28186	Aesculapian Art
A95751	Almighty God
A95751	THOMAS URQUHART
A41155	Honourable Algernon Earle
A41155	Lord Percy
A41155	Honourable Privie
A41155	Honourable Patronage
A41155	William Fenwick
A29206	WILLIAM Earle
A29206	Lord Ogle
A29206	Honourable Privie
A44724	Great Brittaine
A44724	His Highnesse
A44724	Don Pedro Castile's King
A44724	Great Sir
A44724	Your Standard
A44724	And by
A42757	Reformed Churches
A42757	Reverend Colleagues
A86356	Worthy Citizens
A86356	Hereby Religion
A86356	THOMAS HILL
A40683	IOHN DANVERS
A40683	THOMAS FULLER
A07248	PHILIP MASSINGER
A13010	Honourable Privie
A13010	A. B.
A34595	N. B.
A69129	Honourable LORDS
A69129	WILLIAM TEELING
A69129	Noble Lords
A69129	W. Ames
A97126	JOHN WARD
A64409	SOVERAIGNE PRINCESSE
A64409	S. Tereſa
A64409	Bleſſed Lord
A64409	S. Tereſa
A64409	Royall Feet
A64409	M. T.
A47629	Honourable a
A47629	Queen Elizabeth
A47629	Parliamentum I
A47629	Optimum Parliamentum
A47629	Queene Elizabeth
A47629	Ecclesiasticall Reformation
A47629	Levi Mal
A47629	Queene Elizabeth
A47629	Bishop Ridly
A47629	MinisterMaster Buckley
A47629	Quid Deus
A47629	Gods Attributes
A47629	Mr Carill
A47629	Sir Francis Bacon
A47629	Rainoldus de lib
A47629	Petrus Lombardus
A47629	Academiarum Theologi
A47629	à Soto
A47629	Romane Church
A47629	Peter Lumbard
A47629	Thomas Aquinas
A47629	John Scot
A47629	Master Lombard
A47629	Revetendissimus Episcopus
A47629	Vsserius De
A47629	Peter Lumbard
A47629	Solis Canonicis
A47629	Liber Judiciarius
A47629	Matthew Paris
A47629	Doomesday Booke
A47629	Reverend Pastor
A47629	M. Ball
A47629	M. Ley
A47629	M. Bals Catechisme
A41964	John Selden Esquire
A41964	Pes Babylonius
A41964	Statilius Vol
A41964	Scribonius Largus
A41964	Julius Pollux
A41964	A. Gellius
A41964	Galen▪ Dio
A41964	John Greaves
A70011	John Ellis
A25390	Baron Littleton
A25390	Lord Keeper
A85505	S. Peter
A85505	S. Paul
A85505	Propheticall Chronologie
A85505	Mede Apoſt
A85505	M. Brightman
A85505	Cyril Biſhop
A90293	Chriſts Goſpel
A90293	Profitentur Remonſt
A90293	Feſtus Hom
A90293	Honourable Societie
A43639	Saviour of
A93709	Iews Church
A93709	Church Politie
A93709	Church Politie
A93709	Church Politie
A93709	Right Honourable
A93709	ſay,2 Sam
A93709	John Saltmarſh
A50854	Noble Lord
A50854	Humphrey Mill
A50854	Deserving Gentry
A50854	Satyrick Lawes
A91224	PHILIP CARTERET Knight
A91224	WILLIAM PRYNNE
A91224	Honoured Friend
A91224	Elizabeth Carteret
A91224	Philip Carteret
A91224	WILLIAM PRYNNE
A91224	"Philip
Carteret Knight"
A91224	Mrs Douſe
A91224	WILLIAM PRYNNE
A91224	William Balfoure
A91224	Your Noble Favours
A91224	Obliged Friend
A91224	WILLIAM PRYNNE
A91224	WILLIAM BALFORE Knight
A91224	Noble Favours
A91224	WILLIAM PRYNNE
A89591	Chriſts Babes
A89591	Theſe Innocents
A89591	STEPHEN MARSHALL
A61053	JOHN SPEED
A42351	JOHN HOBART
A42351	Knight Baronet
A40662	LADY GOVERNESSE
A40662	Black Lines
A09626	RICHARD PELHAM
A09626	S. P. Wisheth
A09626	WORTHY SIR
A62948	WILLIAM Earle
A62948	Your Lordſhips
A62948	GEORGE TOOKE
A43824	E. Northumberl
A43824	E. Pembrook
A43824	E. Nottingham
A43824	E. Denbigh
A43824	E. Manchester
A43824	L. Visc
A43824	L. North
A43824	L. Mountague
A43824	L. Roberts
A43824	L. Howard.
A43824	S. Gilbert Gerard
A43824	S. Iohn Dreydon
A43824	S. Robert Harley
A43824	S. Wil
A43824	S. Hen
A43824	S. Walt
A43824	S. Wil
A43824	S. Robert Pye
A43824	S. Iohn Trevor
A43824	S. Anth. Irby
A43824	M. Sollicitor
A43824	M. Rous
A43824	M. Ashurst
A43824	M. Reynolds
A43824	Denis Bond
A43824	Bolstred Whitlock
A43824	M. Guorden
A43824	M. Maynard
A43824	M. Lisle
A43824	M. Salwey
A43824	M. Wheeler
A43824	M. Hoyle
A43824	Honourable Trusts
A43824	Trinity Coll
A43824	Pueri Ingeniosi
A43824	Your Noble
A43824	Evangelicall Preachers
A43824	Servant THOMAS HILL
A43824	Doct Stanton
A43824	the Lord of the Harvest
A43824	Thomas Hill
A17248	William Purefey
A69521	Matron Mris
A69521	Amy Long
A69521	Steeple Ashton
A69521	S. John
A69521	Mercie Seat
A03092	Noble Sir
A03092	R. H.
A93880	Immortall Part
A93880	Jeſus Chriſt
A93880	Jeſus Chriſt
A93880	Inward Frame
A93880	S. Paul
A93880	Theſe Three
A93880	His Love
A93880	S. Paul
A93880	The Head of the Woman
A93880	The Head of Chriſt
A93880	the Head of the Body
A93880	the Head of the Soule
A93880	the Head of the Spirit
A93880	Jeſus Chriſt
A93880	Amongst Which
A93880	Jeſus Chriſt
A93880	the Head of
A93880	Our Lord Jeſus
A93880	Jeſus Chriſt
A93880	Conſtant Account
A93880	Preſent Peace
A93880	Servant in the Lord Jeſus
A00926	Nevill Brooke
A00926	R. F.
A88086	THOMAS MIDDLETON
A88086	Worthy Sirs
A88086	JOHN LEWIS
A01234	Nicholas Rainton
A01234	W. F. wiſheth
A61487	M. STEVENSON
A13017	HENRY Earle
A13017	Majeſties Bedchamber
A13017	A. B.
A09197	Worthy Sir
A09197	H. P.
A37192	Noble Lord
A37192	W. H.
A12166	Jesus Christ
A12166	Noble Stock
A12166	Iesus Christ
A12166	JOHN SEDOVVICK
A66746	Lord Generall
A30262	Honourable Protection
A30262	Zealous Magistracy
A30262	Stephen Marshall
A01779	THOMAS LORD WENTWORTH
A01779	Heroicke Nature
A93655	Noble SIR
A93655	Jeſus Chriſt
A93655	Jeſus Chriſt
A93655	John Saltmarſh
A61943	John Suckling
A67119	Charles Prince
A67119	Vnkle Prince Henry
A67119	Grandsier Henry
A67119	Solomon King Iames
A67119	Digitus Dei
A67119	Sir Walter Rawleigh
A67119	Sed Deus
A46909	John Savile
A46909	Artaxerxes King
A46909	John Johnſon
A45546	Right Worthy FRIEND
A45546	JOHN RVSHOVT
A69024	Majesties Patronage
A69024	the Onely Rule
A69024	Catholicke Church
A69024	Catholicke Church
A69024	Catholicke Church
A69024	Generall Councell
A69024	Improbable Questions
A69024	Iesus Christ
A69024	Cites Scripture
A69024	Solomon saith
A69024	Majesties Name
A69024	Popish Reliques
A69024	Iesus Christ
A69024	Marble Tombe
A69024	Pious Princes
A69024	Amasiah King
A69024	Christs Kingdome
A69024	Solomon saith
A69024	Royall Edict
A69024	Honourable Court
A69024	Majesties Name
A69024	Royall Edict
A69024	Royall Posterity
A69024	Iesus Christ
A43093	Anthony Weldon Knight
A43093	Soldier L. H.
A51643	Earle of KINGSTON
A51643	Honourable Privy Counsell
A51643	MY LORD
A78979	Gregory Nazianzen
A78979	Jacob Gods
A78979	EDMUND CALAMY
A67227	Simon Magus
A67227	Romes Churches
A67227	H. W.
A96686	Samuel Gorton
A96686	Samuel Gorton
A96686	Great Sachim
A96686	Samuel Gorton
A28926	M. ZACHARY BOYD
A31221	GVLIELMVS CASTELL
A31221	D. D. D.
A40668	Jure Divino
A37176	Cardinall PERRON
A37285	George Butler
A37285	Arts Liberall
A37285	Neglected Poeſie
A37285	Worthy Sir
A37285	Noble Perſonage
A37285	decay'd Gardiner
A37285	JOHN DAY
A02000	William Style
A02000	Galateo Eſpanol
A02000	Antonio Gratian
A02000	Lucas Gratian
A77017	Sampſon Bond
A77017	William Twiſſe
A77017	the Lord of Heaven
A77017	SAMPSON BOND
A56836	Your Royall
A56836	Publique Distempers
A56836	Your Kingdoms Peace
A39282	Generall Councell
A39282	The Rule of Faith
A39282	JOHN ELLIS
A86226	Chriſt Jeſus
A86226	Deare Babe
A86226	Father W. HERBERT
A56832	Iesus Christ
A56832	Iesus Christ
A89149	Henry Wootton
A89149	M. B.
A89149	Lord S. as
A89149	Alberto Scipioni
A89149	Your Friend
A89149	dateHenry Wootton
A41142	Honour Father
A41142	Beſiege Heaven
A41142	THOMAS HILL
A41485	JOHN PYMME
A16536	Noble Ladie
A16536	Potent Earle
A16536	Familie,2 Tim
A16536	M. ZACHARY BOYD
A16536	Saint Iohn
A16536	children;1 Joh
A16536	M. ZACHARY BOYD
A40669	JOHN LORD POWLET
A40669	Your Fathers
A95888	Lord Mayor
A95888	Iohn Wollaſton
A95888	Sir Richard
A95888	Rebecca Wollaſton
A95888	Anne Sprignall
A95888	J. V. moſt
A95888	Chriſtian Courteſie
A95888	JOHN VICARS
A57656	the Authour of
A57656	A. R.
A01775	Heroicke Vertue
A27361	Thomas Adams
A27361	J. P.
A27361	J. P. I
A27361	J. P.
A27361	J. P. how
A27361	James Russell
A27361	James Story
A27361	Iohn Bellamie
A34593	Noble Vncles
A34593	Royall Father
A34593	Royall Father
A34593	Regall Indowments
A34593	Highneſs Vncle
A34593	J. B.
A95878	Lady Majoreſſe
A95878	Anne Sprignall
A95878	Babylons Beautie
A95878	Chriſtian Candour
A95878	John Vicars
A66597	à Lap
A66597	Melchior Adam.
A66597	Christum Domini
A66597	Zwinglius de bello Helvetico
A66597	Zechary 1.13 Pray (
A66597	THOMAS WILSON
A45182	Mysticall Body
A45182	I. H. their
A61359	GULIELMO PASTON BARONETTO
A61359	GULIELMO D'OYLY EQV
A61359	THOMAS STEPHENS
A61359	L. M. M.M.D.D.C.Q.
A88141	R. Sol
A88141	John Lightfoote
A56828	RICHARD ROYSTON
A04155	Timothy Hutton
A04155	Edmund Cleburne
A04155	Philip Hutton
A04155	Thomas Hutton
A04155	Arch-Bishop Hutton
A04155	Timothy Hutton
A45589	HENRY Earle
A45589	Lord Privy Seale
A45589	Lordſhips Peruſall
A45589	Gazophylacio Eccleſiae
A45589	Servant; PEDAELL HARLOWE
A60972	William Strickland
A60972	Philip Stapleton
A60972	Henry Cholmley
A60972	William Alison
A60972	Henry Darly
A60972	M. Hoyle
A60972	M. Alured
A60972	M. Pelham
A60972	John Saltmarsh
A34599	Jeſus Chriſt
A34599	John 4
A34599	Lord Archbiſhop
A34599	Iriſh Re
A34599	Noble Poſterity
A34599	Countries Liberty
A34599	Englands Friend
A34599	Native Countrey
A34599	Noble Sir
A34599	Maſter Caſe
A34599	Nationall Covenant
A34599	King Jeſus
A34599	Royall Offices
A34599	John Cotton
A34599	Royall Offices
A34599	John 2
A34599	Royall Commiſsion
A34599	Solvere Jeſum
A34599	Courteous Reader
A34599	Learned Treatiſe
A34599	Learned Diſputation
A34599	Learned Author
A34599	CORNELIUS HOLLAND
A34599	Commons Aſſembled
A34599	Englands Reformation
A34599	Schiſme was
A34599	John 5
A34599	John 2
A34599	John 5
A34599	Peter anſwereth
A34599	Simon Bar-Jona
A34599	John 1
A34599	John 2
A34599	John confeſſeth
A34599	Loyall Covenanters
A34599	Antichriſtian Church
A34599	Temple ſo
A43484	Captain Generall
A43484	Highnesse Generall
A43484	Brittish Armie
A43484	Royall Mother
A43484	HENRY HEXHAM
A86358	Pauls Separatiſts
A86358	James 3
A86358	THOMAS HILL
A91988	Ʋiſcount Sligo
A88290	Honoured Friend
A88290	JOHN THOMPSON
A88290	WILLIAM LILLY
A56943	Majeſties Poor
A56943	Faithfull Subject
A56943	RICHARD ROYSTON
A42498	this Seal of Gratitude
A42725	Lord Bruce
A42725	Honourable Familie
A42725	Ladie Bruce
A27497	IAMES Lord Archbiſhop
A27497	Quaſi Deus
A27497	S. Paul
A27497	Conſtant Preaching
A27497	Spanhemius Profeſſor
A27497	P. Bertius
A27497	Ioan Selden
A27497	Abrah Scultetus
A27497	S. Pauls
A27497	S. Paul
A27497	the Honor of
A27497	Servant N. BARNARD
A47616	MOST WORTHY
A47616	Noble Lords
A47616	Campe Royall
A47616	D. L.
A54669	Anne Glover
A77148	London Pulpit
A95657	GILBERT GERARD
A95657	JOHN FRANKLIN
A95657	the Lord in
A95657	Jeſus Chriſt
A95657	Edward Terry
A90266	Thomas Lord Fairfax
A90266	Gods Preſence
A90266	Aegyptian Hieroglyphick
A90266	Captaine Gam
A90266	JOHN OWEN
A90266	Eſſex Octo
A90266	Honoured Sir
A90266	William Maſham
A90266	William Rowe
A90266	Thomas Honywood
A90266	Servant in
A90266	JOHN OWEN
A34527	S. Paul
A50772	WILLIAM MEVVE
A39313	NOble Princes
A39313	Ieſus ChriſtRev
A39313	Ieſus Chriſt
A39313	Potters Veſſel
A39313	Horſe Courſer
A39313	Ieſus Chriſt
A39313	Ieſus Chriſt
A39313	Jeſus Chriſt
A39313	Anno Dom
A39313	Apoſtolical Presbytety
A96698	Father ſo
A96698	Jerrard Winſtanley
A70872	Anne Carteret
A70872	Philip Carteret Knight
A70872	Lievetenant Governour
A70872	Noble Favours
A70872	WILLIAM PRYNNE
A45482	Captaine Generall
A45482	The Romans
A62938	WILLIAM EARLE
A62938	George Tooke
A62938	FERDIN ANDO
A62938	GEORGE TOOKE
A90997	Whoſe Stilts
A90997	City Bath
A90997	Treaſons Leproſie
A90997	R. P.
A85388	PENNINGTON Lord Major
A85388	THOMAS GAGE
A85388	Your Worſhip
A85388	THOMAS GAGE
A96944	Royall Art
A96944	Lesbian Rule
A96944	Alſo S. Paul
A96944	Princeps Poetarum
A96944	BETH CHAIIM
A30249	Phariſaicall Popery
A30249	Anthony Burgeſs
A43598	T. B.)
A43598	Worthy Sir
A43598	T. H.
A70863	WILLIAM BALFORE Knight
A70863	Noble Favours
A70863	WILLIAM PRYNNE
A37463	MOst Noble
A37463	This Tabernacle
A37463	I. D. L. M.
A37463	Henry Burton
A37463	Worthy Sir
A37463	Monethly Propositions
A37463	Castle Cornet
A37463	Euphraticall Jordan
A65782	Robert Tracy
A65782	Viscount Conoway
A65782	James Wadsworth
A65782	R. Honorable
A65782	J. W.
A13439	Mary Make-peace
A13439	Maechael Helena
A13439	Mary Make-peace
A13439	Tabitha Turbulent
A13439	Franke Froward
A13439	Betrisse Bould-face
A13439	Ellen Ever-heard
A13439	Parnell Prate
A13439	Rachell Raile
A13439	Vrsula Vpsefreeze
A13439	Ioaene Iowle
A13439	Kate Kisse-well
A13439	Luce Lye-close
A13439	Dorothy Doe-little
A13439	Sisly Sweet-lips
A13439	Margery Quiet
A13439	MARY MAKE-PEACE
A44745	Sir W. S. Knight
A44745	J. H.
A56191	Heire Apparant
A56191	Romes Errors
A56191	Your Favour
A56191	Your Highneſſes
A56191	WILLIAM PRYNNE
A70924	Illuſtrious Lord
A70924	PHILIP Earle
A70924	Baron Herbert
A70924	Illuſtrious Lord
A70924	Your Honour
A70924	Your Patronage
A70924	Moſt Noble Lord
A70924	You Profeſſe
A70924	Moſt Illuſtrious
A70924	J. MOVNTAINE
A70279	Noble Friends
A70279	D. Knight
A96941	S. Paul
A96941	Alſo S. Paul
A96941	Saint Paul
A96941	G. W.
A89585	Iohn Trevor
A70654	Stephen Marshall
A34821	I. S. of P. Esquire
A34821	Honoured Sir
A34821	Lord Lievtenant
A90620	ANNA HUME
A27638	HIS Excellency
A27638	Viſcount Hereford
A27638	Baron Ferrars
A27638	Lord Bourchier
A27638	Honourable Privy Councell
A27638	Proteſtant Religion
A27638	Saint Auguſtine
A09707	Farewell Sr
A04651	JOHN BENSON
A60361	Most Noble
A60361	Royall Parents
A60361	Divine Philosophie
A60361	William Slatyer
A36292	Da vida
A36292	Servant Io
A14722	ROYALL MAIESTIE
A14722	Royall Majesties
A14722	Royall Motto
A14722	Servant R. W.
A14722	Paulus Emil.
A14722	Honours Commands
A14722	Pedro Mexia
A14722	Your Lordships
A38615	"PHILIP
Earl of Pembrook"
A38615	Saint Quintin
A38615	MY LORD
A38615	PHILIP Earl
A38615	MY LORD
A70175	the Epiſtles as
A70175	M. S. to A. S. ſo
A28810	Richard Boothby
A28810	Majesty King Charles
A28810	India Merchants
A28810	Richard Boothby
A28810	Cardinall Wolsey
A28810	Captain James Slade
A28810	Captain Slade
A28810	Captain Slade
A28810	William Slade
A28810	Nathanael Mountney
A28810	Richard Boothby
A81567	Thomas Wentworth
A81567	Thomas Wentworth
A57648	JOHN Earle
A57648	Noble Lady
A57648	Alexander Ross
A05161	Royall Father
A05161	Master Fisher
A05161	M. Fisher
A05161	M. Fisher
A05161	D. White's
A05161	M. Fisher
A05161	M. Fisher
A05161	A. C. cheeks
A05161	A. C. in
A05161	Hereupon I
A05161	M. Fisher's
A05161	R. B.
A05161	M. Fisher's
A05161	A. C. nibled
A05161	Great Duty
A05161	Deare Mother
A05161	A. C. printed
A05161	A. C. his Curiosity
A05161	A. C. came
A05161	A. C. his Relation
A05161	M. Fisher
A05161	A. C.
A05161	A. C. an Answer
A05161	Great Occasions
A05161	Little Leasure
A05161	Worth in
A05161	Tuba Dei
A05161	De Diversis
A05161	S. Luk
A05161	Filium Dei
A05161	S. Augustine
A05161	That M. Fisher
A05161	A. C. for him
A05161	A. C. had
A05161	Your Majesty
A05161	Majesties Honourable
A05161	Sacred Majesty
A05161	Your Majesty
A05161	M. Fisher
A05161	A. C. at the print
A05161	M. Fisher
A05161	M. Fisher
A05161	M. Fishers
A05161	A. C. sayes
A05161	A. C. p. 67
A05161	A. C. and
A05161	A. C. and the Iesuite
A05161	M. Fisher
A05161	A. C. then
A05161	A. C.
A05161	A. C.
A05161	M. Fisher
A05161	Fellowes Angle
A05161	S. Aug.
A05161	Lawfull Netts
A05161	Quod Volumus
A05161	Good Meanes
A05161	S. Peter
A05161	Busie Worke
A05161	Apum Similitudine
A05161	Church Government
A05161	Your Majesty
A05161	Apologeticall Advertisement
A05161	D. Field
A05161	S. Matth
A05161	Your Majesty
A05161	Roman Catholikes
A05161	Naturall Motion
A05161	Religion Corrupted
A05161	Your Majesty
A05161	Your Majesty
A05161	S. Paul
A05161	Jesus Christs
A05161	S. Augustine
A05161	Da veniam
A05161	deliver'd S. Iod
A05161	Your Majesty
A05161	Obliged SERVANT
A05161	W. CANT
A35353	Commons Aſſembled
A35353	Worthy Sirs
A35353	Cathedrall Covent
A35353	RICHARD CVLMER
A03233	Lord Maior
A03233	Platoes Common-weale
A03233	Lex Acilia
A51725	Honourable Privy Counsell
A51725	RICHARD WHITAKER
A51725	Heroicall Name
A07541	ROBERT Earle
A07541	Viscount Hereford
A07541	Lord Ferrers
A07541	Honours Approbation
A07541	HUMPHRY MILL
A13699	WILLIAM PAGE
A13699	David Ps
A13699	Saint Paul
A13699	Christs Altar
A13699	S. Iohn
A13699	Iesus Christ
A13699	S. Paul
A13699	Iesus Christ
A13699	S. Austin
A13699	Father S. Salvian
A13699	S. Ierome
A13699	S. Paul
A13699	S. Paul
A13699	Catholike Church
A13699	Rebecca did
A13699	The one
A13699	S. Paul
A13699	S. Austine Epist
A13699	Almighty God
A13699	W. P.
A08829	Ecclesiae Catholicae
A08829	Romani Pontificis
A08829	Dei Omnipotentis
A08829	De Dedicatione
A08829	Reverendissime Praesul
A08829	Sacrorum Praeses
A08829	Ecclesiae Patronus
A08829	Reverendissime Praesul
A08829	Quod ut
A08829	Iesum Christum
A08829	Ephraim Pagitt
A56127	H. 3. H. 7.10 C
A56127	Soveraigne Lord
A56127	Quondam Profession
A56127	William Tyndall
A56127	Bishop Bilson
A56127	Anti-monarchicall Practises
A56127	Thomas Gybson
A56127	Proditiones Praelatorum
A56127	Iohn Bale
A56127	Arch Prelate
A56127	No Bishop
A56127	Court Sermons
A56127	Lordly Prelacy
A56127	Prelaticall Factious
A56127	See Bishop
A56127	Henry Burton
A56127	Fox Contr
A56127	Fox Contr
A56127	Prelates Tyranny
A56127	Henry Burt
A56127	Sermon See
A56127	Popish Innovations
A56127	See A
A56127	Majesties Royall Prerogative
A56127	Domesticke Pontifs
A56127	Thomas Aston
A56127	No Lord Bishop
A56127	Church Polity
A56127	this Antipathy
A56127	Lordly Prelates
A56127	Hierarchy of
A56127	N. Br. f. 36. Register
A56127	Extraordinarie Provinciall
A56127	Nationall Synode
A56127	Civill Government
A56127	See h
A56127	Lordly Prelacie
A56127	Saint Paul saith,1 Tim
A56127	Rabanne Maurus
A56127	Anselmus Cantuariensis
A56127	Augustinus de civitate D
A56127	De Reform
A56127	Pierce Bishop
A56127	See M. Latim
A56127	Whence Queene Elizabeth
A56127	Deane Thomas Farret
A56127	Fox Act
A56127	See Prov
A56127	Saint Paul
A56127	Saint Chrysostome
A56127	That Saint Bernard
A56127	Vita Bernardi
A56127	Espencaus Digres
A56127	Erubesce O
A56127	Mariae Virginis
A56127	Emerita Donatist
A56127	Quod sum
A56127	à Christo
A56127	Saint Augustine Bishop
A56127	Saint Bernard
A56127	Ad Cl
A56127	WILLIAM PRYNNE
A56127	Honourable Worthies
A56127	Lordly Prelacy
A56127	Heavenly Father
A56127	Honours Feete
A56127	Noble Patronage
A90603	WILLIAM GIBBS
A90603	Walter Rogers▪
A90603	Robert Smith
A90603	Samuel Bridge
A90603	Thomas Soane
A90603	Henrie Geirie
A90603	Iohn Bludworth
A90603	Nicholas Cook
A90603	Anthony Croſſe
A90603	Ambroſe Brumskill
A90603	Tobias Dixon
A90603	Iohn Niclas
A90603	Iaſpar Clayton
A90603	Andrew H
A90603	George Denham
A90603	Iohn Rogers
A90603	Spencer Vincent
A90603	Richard Kimble
A90603	Francis Pat
A90603	Peter Worſter
A90603	William Dev
A90603	Iohn Hopkins
A90603	Iohn Davis
A90603	Ephraim Pagitt
A90603	Gregory Nazianzen
A97343	His Cords
A97343	The Lord
A67095	Iesus Christ
A67095	George Walker
A11519	Renowned Common-Wealth
A11519	F. P. V. S. wiſheth
A11519	Renowned Common-wealth
A11519	Pope Julius
A32016	Monethly Fast
A32016	Royall Majesty
A32016	Monethly Fast
A32016	Jesus Christ
A32016	Monthly Fast
A10495	Robert Ducie
A10495	Robert Ducie
A10495	Your Kinsman
A10495	Thomas Rawlins
A40653	Frances Mannours
A40653	Noble Brother
A40653	Honours Sister
A35274	Thomas Boon Eſquires
A35274	Honoured Sirs
A35274	Jeſus Chriſt
A35274	Jeſus Chriſt
A35274	Honoured Sir
A35274	M. C.
A67233	KATHARINE D'AR
A08637	John Ethredge
A08637	Reverend Sir
A08637	Edward Albiſton
A43821	JOHN BROWN
A43821	Jesus Christ
A43821	Thomas Hill
A90296	Libertatem Patriam
A90296	Protectionem Dei O. M. his
A90296	Ordine Communium
A90296	Joannes Owen
A49256	Thomas Fairfax
A49256	Protestant Religion
A49256	Great Generall
A49256	Plutarchs Moralls
A49256	Master Dell
A49256	Master Dell
A49256	Master Dell
A49256	Dells Epistle
A49256	Noble Generall
A49256	Excellent Selfe
A52043	Stephen Marshall
A95892	Lord Fairfax
A95892	His Excellency
A95892	Thomas Fairfax
A95892	William Waller
A95892	Harbotle Grimſtone
A95892	Walter Young
A95892	Francis Rouſe
A95892	Edmund Prideaux
A95892	Generall Maſſie
A95892	Worthily Renowned
A95892	Honourable Lords
A95892	John Vicars
A95892	Gratefull Memorialls
A95892	Gracious Honour
A95892	Thomas Adams
A95892	John Wollaſtone
A95892	Matthew Brand
A95892	Worſhipfull Patrons
A95892	John Vicars
A56171	Exemplary Iustice
A56171	Romish Plots
A56171	His Majesty
A56171	haveSee Bishop Hals
A56171	Seditious Popish
A56171	Romish Councels
A56171	WILLIAM PRYNNE
A50030	TO M. G. M. IN
A42489	Judicious an Aſſembly
A43483	MY LORD
A43483	Maurice Prince
A43483	Frederick Henry
A43483	Warre Offensiue
A56135	Civill Vnitie
A56135	Noble Patronage
A56135	Your Honours
A56135	Noble Senators
A56135	William Prynne
A29432	Divine Diſpenſation
A29432	Mr Williams
A29432	Nationall Aſsembly
A29432	Proteſtant Aſsemblies
A29432	Chriſtian Parliament
A29432	Congregationall Seſſions
A29432	Provinciall Synods
A29432	Nationall Aſsemblies
A29432	Chriſts Kingdome
A29432	The Lord
A29432	R. Baylie
A11378	Your Royall Father
A11378	Your Noone-point
A11378	Gratious Sir
A11378	J. Saltmarſhe
A13393	Jo. Tatham
A61133	Noble Patriots
A43479	Lord Generall
A43479	Sede belli
A43479	Prince William
A43479	Prince Maurice
A43479	Fredrick Henry
A43479	Marquis Spinola
A77323	William Barkeley
A77323	Worthy Sir
A77323	William Bagwell
A01344	Thomas Fuller
A30705	Soveraigne Lord
A30705	Thomas Buſhell
A30705	Your Majeſties
A30705	Thomas Milward Knight
A30705	Chiefe Iuſtice
A30705	Richard Price K. Baronet
A30705	James Price Knight
A30705	Iohn Lewis Knight
A30705	Timothy Turnor Eſquire
A30705	I. Littleton Eſq
A30705	Thomas Price Eſq
A30705	Robert Corbet Eſq
A30705	Evan Gwin Eſq
A30705	Vincent Corbet Eſq
A30705	Humfrey Greene Eſq
A30705	David LLoyd
A30705	Reighnald Eſq
A30705	Thomas Phillips Eſq
A30705	Edmund Eſq
A30705	Hugh LLoyd Gentlem
A30705	David Rees Gent
A30705	Iohn Bowen Gent
A30705	William Watkin Gent
A30705	Iohn Meredith Gent
A30705	Honourable Privy Councell
A30705	Maſter Buſhell
A30705	Maſter Buſhell
A30705	Rich Ore
A30705	M. Buſhell
A30705	Mines Royall
A30705	His Majeſty
A30705	Samuel Reyniſh
A30705	Humphrey Owen
A35730	DERING Knight
A35730	Verum Evangelium
A35730	Maxentius Johannes
A35730	Saint Peters
A35730	Noble Person
A35730	Your Favours
A35730	Edward Dering
A56976	Your Highnesse
A56976	Regall Diademe
A56976	Elizabeth Vsher
A54678	MY LORD
A54678	Thomas Philipott
A89564	Englands Embleme
A89564	Tyres Diadem
A89564	John Baptiſt
A43825	B. Andrews
A43825	L. Verulam
A43825	Merton Colledge
A43825	Bishop Morton
A43825	Merton Colledge
A43825	Presbyterial Government
A43825	Solomon saith
A64057	CHRISTOPHER HATTON
A64057	H. Church
A64057	Chartâ Edgar
A64057	Religio S. Matris Ecclesiae
A64057	Idcirco Decrevimus
A64057	H. Church
A64057	Aeneas Sylvius
A64057	honour'd Episcopacy
A64057	Lay Dispensation
A64057	K. Alvred
A64057	Reges Deo
A64057	Bishop Morton
A64057	J. TAYLOR
A16923	Richard Brome
A31115	Majeſties Supremacy
A31115	Excellent Majeſty
A31115	Majeſties Highneſſe
A31115	Highneſſe Progeny
A31115	Whereat J
A88148	Johns Goſpel
A88148	Honourable Houſe
A88148	Iohn Lightfoot
A26353	THOMAS ROE Knight
A26353	Honourable Privy Councell
A26353	Honourable Patronage
A26353	Christian Princes
A26353	Iohn Dury
A26353	D. Luther
A26353	Christian Episcopacy
A26353	Nicolas Amsdorf Bishop
A26353	George Anhaltinus Bishop
A26353	Popish Monk
A26353	P. Melanct
A26353	Eras Epist
A26353	D. Luther
A26353	Christs Name
A26353	Thomas Hayne
A89587	Gods Maſter-builders
A89587	Jeruſalems Wall
A13014	RICHARD YOUNG
A13014	Knight Barone
A13014	GILBERT HARRISON
A13014	H WINDHAM
A13014	Chriſtian friends▪
A13014	Eternall Bleſſedneſſe
A49748	Gracious Soveraigne
A49748	William Lawes
A49748	Royall Bounty
A49748	The King of Heaven
A49748	Your Majeſtie
A49748	Gracious Soveraigne
A49748	William Lawes
A49748	Royall Bounty
A49748	The King of Heaven
A49748	Your Majeſtie
A34718	ROBERTO Comiti Essexiae
A34718	Vicecomiti Herefordiae
A34718	Georgianii Equiti
A56144	Originall Impeachment
A56144	Popiſh Superſtition
A56144	Prelaticall Sycophants
A56144	Trayterous Predeceſsor
A56144	Joannis de Aton
A56144	Antiquicates Eccleſiae Brit
A56144	M. Fox Act
A56144	Juſtice de ſon
A56144	Ribadeniera Flures des Vies
A56144	Saint Williams
A56144	Reverend Father
A56144	William Lord Archbiſhop
A56144	Reverend Father
A56144	William Lord Archbiſhop
A56144	Pamphlet Imprinted
A56144	Renouned Prelate
A56144	And to
A56144	Anonymous Pamphleters
A56144	Vſum Sarum
A56144	Jeſuiticall Stratagems
A56144	Trayterous Practiſes
A56144	Popiſh Errours
A56144	Popiſh Doctrines
A56144	Londons Chaplains
A56144	M Dell
A56144	Lords Ta
A56144	Commons Houſe
A56144	Generall Defences
A56144	Theſe Objections
A56144	Your Honours
A56144	Eccleſiaſticall Cenſures
A56144	L. Col
A56144	Your Honours
A56144	See Mat
A56144	Court Favours
A56144	Popiſh Plots
A56144	Arminian Soul-deſtroying
A56144	Willielmo Laud
A56144	Archiepiſcopo Cantuarienſi
A56144	Williamus Laud
A56144	Willielmum Laud
A56144	Regni Noſtri
A56144	Willielmum Laud
A56144	Regalem Poteſtatem
A56144	Willielmum Laud
A56144	Willielmum Laud
A56144	Willielmus Laud
A56144	Willielmum Laud
A56144	Willielmum Laud
A56144	Willielmum Laud
A56144	Succeſſores Noſtri
A56144	Willielmum Laud
A56144	Willielmo Laud
A56144	Willielmo Laud
A56144	Willielmo Laud
A56144	Willielmo de
A56144	Willielmus Laud
A56144	Curiis Nostris
A56144	Willielmus Laud bonam
A56144	Regis Angliae
A56144	Progenitoris Noſtri
A56144	Regni ſui
A56144	Et Non
A56144	Regis Edwardi
A56144	Prelaticall Partie
A56144	Majeſties Royall
A56144	Arch Traytor
A56144	Regall Charter
A56144	Biſhop Uſher
A56144	Noble Knight
A56144	Charles Coote
A56144	Charles Coote
A56144	Proteſtant Arch-Prelate
A56144	Your Honours
A56144	Iohn Lilburn
A56144	Englands Birth-right
A56144	Your Honours
A56144	WILLIAM PRYNNE
A56144	Lincolns Inne
A79477	Conſcience Satisfied
A79477	Honourable Houſe
A79477	Pope Adrian
A79477	Quintili Vare
A79477	Tu Epiſcope
A79477	Pope John
A79477	Alexander Co
A79477	Cognomine Anglicus
A79477	Charanza Archbiſhop
A79477	Pope Sixtus
A79477	es Pe
A79477	Trithemius Abbot
A79477	Martins Monaſtery
A79477	Philippus Bergomenſis
A79477	Alexander Cook
A79477	Pope Sergius
A79477	Pope Alexander
A79477	Romane Courtſhip
A79477	Whore John
A79477	Honourable Houſe
A79477	Royall Perſon
A79477	the Worſhip of God
A79477	Ieſus Chriſt
A79477	Ieſus Chriſt
A79477	Ieſus Chriſt
A79477	Proteſtant Religion
A40024	Robert Judd
A40024	William Lang
A67085	S. Iohn
A67551	Right Worthy
A67551	Honourable Court
A67551	Edward Deering Knight
A67551	Sir Thomas Middleton
A67551	Thomas Barington
A67551	William Massam
A67551	Sir Martin Lumley
A67551	Andreas Alciatus
A67551	His Impresse
A12184	MAVRICE ABBOT KNIGHT
A12184	Lord Maior
A12184	Iesus Christ
A12184	I. G.
A26573	Mightie Monarch CHARLES
A26573	Error Amoris
A26573	Amor Erroris
A26573	G. A.
A43042	Honourable Lords
A10190	Heathenish Tyranny
A10190	Royall Posterity
A77856	Publike Faſt
A77856	Zealous Magiſtracy
A77856	Stephen Marſhall
A57657	WILLIAM Marquesse
A57657	Lord Governour
A57657	Honourable Grand-father
A49473	Viscount Hereford
A49473	Lord Ferrers
A49473	Lord Chamberlain
A49473	Honourable Privy-Counsell
A49473	Great Lord
A49473	Edward Broomefield Col
A49473	Martin Bond
A49473	Marmaduke Rawdon
A49473	George Langham
A49473	Thomas Covell
A49473	Robert Davies
A49473	Thomas Soame Col
A49473	John Venn
A49473	William Geere
A49473	John Bradley
A49473	Rowland Wilson
A49473	Thomas Buckstone
A49473	John Geere Col
A49473	Edward Dichfield
A49473	Randall Manwaring
A49473	Henry Sanders
A49473	Matthew Forster
A49473	Thomas Chamberlaine
A49473	Edmund Forster
A49473	Samuell Carleton
A49473	Tobias Massy
A49473	Nicholas Beale
A49473	James Bunce
A49473	DONALD LUPTON
A34531	Common Councell
A34531	Historicall Relation
A34531	JOHN CORBET
A16110	Generoſis Iuvenibus
A16110	"G. A.
Londini"
A63067	Friend Colonell
A63067	JOHN BRIDGES
A63067	Worthy Sir
A63067	Your Patronage
A63067	those2 Cor.
A63067	Queen Elizabeth
A63067	John Trapp
A77507	Doctrinae Sanitati
A77507	Eccleſiaque Paci
A77507	D. D. D.
A20724	Edward Lord Newburgh
A20724	Honourable Privy Counsell
A20724	Vertuous Lady
A20724	Your Honour
A20724	Humble Servant
A68655	Valeria Messallina
A68655	Honorable Personages
A68655	Nathanael Richards
A71286	Monethly Fast
A71286	Schismaticall Separatists
A59997	I. S. wisheth
A59997	I. S.
A57529	ROBERT Earle
A57529	up,1 Cor
A57529	Noble Lady
A57529	DANIEL ROGERS
A96992	Royall Crowne
A96992	Henry Walker Cantab
A34548	Servant N. N. wisheth
A28139	CHriſtian Reader
A28139	J. B.
A27257	WHen Johnson
A27257	Hath labour'd
A27257	THOMAS BEEDOME
A86730	Honourable Senate
A86730	Solomons Lineae
A86730	Noble Cauſe
A86730	Honourable Reward
A86730	Ezek 22.26
A86730	Servant in the worke of Chriſt
A57248	THOMAS FAIRFAX
A57248	you,1 Sam
A79474	Your Lordſhips
A79474	"Servant


Francis Cheynell"
A32047	S. Augustine
A32047	S. Ambrose
A32047	Edmund Calamy
A10822	Martin Bond
A10822	George Wawker
A10822	Marmaduke Royden
A10822	George Langham
A10822	Iohn Venn
A10822	Edward Dichfield
A10822	Thomas Covell
A10822	Edmond Forster
A10822	William Ge
A10822	Samuall Carlton
A10822	Tobias Massy
A10822	Randolph Mo
A10822	Henry Sanders
A10822	Nicolas Beale
A10822	Robert Davis
A10822	Mathew Forster
A10822	Iohn Bradley
A10822	Iames B
A10822	WORTHY FRIENDS
A10822	L. ROBERTS
A01342	JOHN POWLET
A01342	JOHN Lord POWLET
A01342	Your Fathers
A01342	Paternall Nobilitie
A48432	Capitall Letters
A48432	Your Noblenesse
A48432	JOHN LIGHTFOOTE
A48432	John Lightfoote
A27499	Worthy Chriſtians
A27499	John Baptiſt Luke
A27499	Zacharias ſpeechleſſe
A27499	Chriſt in
A27499	Priſon Revel
A27499	Iohn Baptiſt
A27499	Chriſt You
A27499	Jeſus Chriſt
A27499	Ieſus Chriſt
A27499	Chriſts Nativiny
A27499	Chriſt Ieſus
A27499	Chriſts Nativity
A27499	the Ioy of Chriſts Incarnation
A27499	Kindneſſe Charity
A27499	Lord Keepe
A27499	N. BERNARD
A01052	MARY WYRLEY
A44733	Spanish Counsels
A44733	Decreta Caeli
A44733	Faelicia Scelera
A42215	PAUL PINDAR
A42215	Quam cui
A42215	Robert Gentilis
A57391	Servant L. R. Merchant
A01773	Sir Thomas Fisher
A47618	Saint Peter
A47618	Saint Paul
A47618	Jacobus Iustus
A47618	Speeds Chro
A47618	Q. Marie.
A47618	George Eagles
A47618	George Eagles
A47618	Queen Mary
A47618	Queen Elizabeth
A59164	Your Majesty
A59164	Your Majesty
A59164	You Eternity
A59164	Heavenly Throne
A59164	Loyall Subject
A52045	Noble Senatours
A47791	Saint Basill
A47791	Saint Paul
A47791	HAMON L'ESTRANGE
A34747	YOur Honor
A34747	Lady Frances
A34747	Noble Gentleman
A34747	John Hobarte
A34747	Elect Lady
A34747	Noble Olive-plant
A34747	Philip Hobarte
A34747	Jeſus Chriſt
A34747	John Ʋtting
A56149	WILLIAM LORD
A56149	MY LORD
A56149	H. P.
A28359	Honoured Uncle
A28359	SHELLY Eſquire
A56780	M. Richard Gipps
A56780	M. Richard Gipps
A56780	Cum tota
A77506	Aqua Coeleſtis
A12209	John Howland
A12209	R. T.
A56211	Noblest Patronage
A56211	Quadruple Discourse
A56211	Soveraign Priviledges
A56211	Oecumenicall Councell
A56211	Walloon Popish
A56211	Publike Governement
A56211	Your Honours
A56211	WILLIAM PRYNNE
A56211	Honourable Lord Ferdinando Fairfax
A56211	William Waller
A56211	Sir William
A56211	Malignant Vipers
A56211	WILLIAM PRYNNE
A67068	Thomas Barrington
A67068	Gilbert Gerard
A67068	William Massam
A67068	Sir Martin Lumley
A62099	Jesus Christ
A62099	Honourable Lord
A62099	Noble Pat
A62099	EDVVARD SYMONDS
A01750	Majeſties Moſt
A01750	William Gilbert
A05597	Soveraigne Selfe
A05597	Royall Sir
A05597	Princely Piety
A05597	Royall Raigne
A05597	William Lithgow
A27212	Mercifull REDEEMER
A27212	Beggs Leave
A29731	Honored Cosen
A29731	Richard Baker
A66445	Houses of the High Court
A66445	Your Honours
A66445	Civill Lawes
A66445	Most Noble Senatours
A66445	Your Honours
A66445	Francis Bacon
A04907	PAVL PINDER
A04907	Noble Sir
A00966	Attributes VVILLIAM
A00966	Worthy Sir
A02324	MY LORD
A02324	S. Hierome
A02324	D. Ramus
A43816	D. D. JOANNI WARNER
A43816	Spectatissimis Senatoribus
A43816	Communis Concilii
A43816	Civitatis Londinensis
A43816	Thomas Hill S. Theolog
A43816	Anno Dom
A43816	D. D. D.
A43816	Friend Richard Foxton
A43816	Mr Perkins
A43816	Quartane Ague
A43816	Jesus Christ
A43816	Apostle Paul
A43816	the Accuser of
A43816	Peter give's,1 Pet
A43816	Heathen Socrates
A43816	Heavenly Father
A43816	Igniculi Charitatis
A43816	Rejoycing in the Testimonie of my
A43816	Thomas Hill
A41009	Est hic
A41009	Now of
A41009	Caius Caesar
A41009	Master Calvin
A41009	Mans Mortality
A41009	King Iesus
A41009	Carpet Knight
A41009	JOHN DOWNAM
A41009	Worthy Sir
A41009	Polemicall Tractate
A41009	See A. Bar
A41009	A. Ritter
A41009	S. Jerome
A41009	S. Paul
A46910	RICHARD COMPTON
A82317	Falſe Prophet
A82317	Ius Divinum
A82317	Ius Divinum
A82317	Loves Sermon
A82317	Presbyterial Doctrine
A82317	Dells Sermon
A86786	Worthy Sir
A86786	J. HALL
A67203	WILLIAM LENTHALL
A67203	Renowned Patriot
A67203	Henry VValker
A01849	Lord Embaſſadour
A01849	Richard Hurſt
A01849	S. B.
A97246	RICHARD VINES
A32308	Worſhipfull Sir Dennor
A32308	Worſhipfull William Heveningham
A32308	Henry North
A32308	Thomas Baker
A32308	Nathaniel Thurſton
A32308	John Bayles
A32308	John Mayhew
A32308	Edward Calver
A10279	Thomas Metham
A10279	Yorke Knight
A10279	Richard Croſhawe
A10279	Richard Croſhaw
A32323	Edward Calver
A32323	Moſt Noble
A32323	Reverenced Friend
A32323	JOHN STRVT
A32323	Lady Temperance
A32323	Edward Calver
A15013	M. Harris
A15013	Hebrew Bible
A15013	Diligence Hee
A15013	Doctor Willet
A15013	Chriſtian Friend
A15013	Edward Leigh
A76316	John Turner
A76316	T. B.
A62101	Noble Sir
A62101	E. S.
A67155	The Lord
A67155	Royall Person
A67155	Eternall Glory
A67155	Most Royall Soveraigne
A67155	Royall Soveraigne
A67155	Royall King
A67155	Gracious Soveraigne
A67155	H. Walker
A70828	Viscount Herreford
A70828	Lord Bourcher
A70828	Great Generall
A70828	Roman Beast
A70828	Great Generall
A70828	Joshuahs Armie
A70828	Iesus Christs
A70828	Excellencies Armie
A70828	Lords Campe
A70828	Most Noble Generall
A70828	Thomas Palmer
A32856	JOHANNES CAMILTONUS
A32856	Christs Gospell
A32856	W. F. X. B.
A94733	JOHN TOMBES
A85683	Lord Biſhop
A85683	Honoured Lord
A85683	Reverend Father
A85683	YOVR Lordſhip
A85683	Olibian Lampes
A85683	JOHN GREGORY
A57976	Noble Lord
A57976	"Earle
of Lindsey"
A57976	CHRISTS Kingdome
A57976	Church Monarchy
A57976	Reverend Beza
A57976	M. George Wishart
A57976	Father Diotrephes
A57976	Their Predecessours
A12148	Captaine Richard Owen
A85542	J. G.
A94735	Richard Aldworth Eſquire
A94735	JOHN TOMBES
A58210	Thomas Mallet Knight
A58210	Surenden Dering
A58210	Christs Ministers Io
A64606	Lord Baron
A64606	Noble selfe
A64606	Thomas Vrchard▪
A30105	HIS HEROIQVE
A30105	EDWARD GOLDSMITH
A30105	Intellectuall Friendes
A30105	JOHN BULVVER
A30105	HIS HONOVRED
A30105	WILLIAM DICONSON ESQUIRE
A30105	Idem Alter
A43318	Master Henderson
A43318	Elsynge Cler
A43318	D. Com
A43318	Robert Bostocke
A43318	Alexander Henderson
A66737	Duke of Cornwal
A66737	Your Montrose
A66737	Gracious Lord
A66737	Your Grace
A66737	Royall Grandfathers
A66737	Gracious Sir
A66737	Gracious Father
A66737	Gracious Sir
A66737	Your Royall
A66737	Great Sir
A66737	Your Father
A66737	Gracious King
A66737	Royall Father
A66737	Gracious Soveraigne
A66737	Your Royall
A66737	Gracious Sir
A66737	Mightie Prince
A32802	G. Nys
A32802	Christi amissā
A32802	Christi Episcopos
A32802	the Translatour
A32802	Memoires de la
A32802	Mola Asinaria
A32802	Wise Homer
A32802	Protestants Gulls
A32802	Heretiques Tacit
A32802	Predecessour S. Anselm
A32802	Popish Socinians
A32802	Iohn White
A89586	Prophet David
A89586	the Song of Praiſe
A29528	IOHN ROWSE
A27163	IAMES Duke
A27163	Historicall Peeces
A27163	Marble Statues
A27163	Your Highnesse
A27163	Royall Father
A27163	Civill Confusions
A70812	that1 Sam.
A70812	Ieſus Chriſt
A70812	Humble Servant
A38109	Noble Senatours
A38109	Black Bill
A38109	Prelaticall Tyranny
A38109	Noble Emperour
A38109	Flavianus Bishop
A38109	Amphilochius Bishop
A38109	Ambrose Bishop
A38109	Noble Senatours
A38109	Popish Innovations▪
A38109	Popish Innovations
A38109	Tithes Iewish
A38109	Presbyteriall Government
A38109	Englands Birthright
A38109	Utter Barrester
A38109	Vita. Holland
A38109	Commendo vos Dilectioni Dei
A38109	THOMAS EDVVARDS
A45214	Humble Remonſtrance
A19160	Lord Marshall
A19160	MY LORD
A19160	Naturall Beauties
A19160	Servant Don Diego V'ades-forte
A71091	Honourable Senatours
A71091	Rebell Rodolphus
A71091	Ecclesiae Anglicanae
A71091	Loyall Subjects
A71091	Grave Senatours
A71091	His Majesty
A10663	Intellectuall Maturity
A10663	Humble Servant
A89563	Learned Antagonist
A89563	Jude 3
A89563	John Goodwins
A89563	Edwards Ga
A89563	Salem God
A89563	Steven Marſhall
A65268	RICHARD CAMDEN
A65268	Ecclesiasticall Worthies
A78018	Chriſtian Magiſtrate
A78018	Jeſus Chriſt
A89578	"Servant
STEPHEN MARSHALL"
A38090	Apologeticall Narration
A38090	M. Simpson
A38090	Mr Simpson
A38090	Lege Remmia
A38090	M. Sympson
A38090	M. Sympson
A38090	M. P. and M. W.
A38090	Mr Sympson
A38090	M. Sympson
A38090	M. Sympson
A38090	Apologeticall Narration
A38090	M. Sympson
A38090	Presbyteriall Government
A38090	Sympsons Book
A38090	M. Sympson
A38090	Vincentio Epist
A38090	Beza Epist
A83501	BVRGESSES Of
A83501	Bellum Sacramentarium
A83501	Junius Bi
A83501	Serpent Adeo
A83501	Independant Government
A83501	Honourable Houſe
A83501	Honourable Houſe
A83501	Honourable Houſe
A83501	moſt Noble Patriots
A83501	Honourable Houſe
A83501	Honourable Houſe
A83501	Auguſtirus Regium
A83501	King Hezekiah
A83501	Flacius Illyricus
A83501	Naz ad
A83501	Independant Government
A83501	Eccleſiaſticall Hiſtory
A83501	Honourable Houſe
A83501	ſervantThomas Edwards
A78965	Thomas Adams
A78965	Reformed Churches
A78965	Jeſus Chriſt
A78965	Nationall Covenant
A48307	JOHN LEY
A88149	J. L.
A91314	THOMAS FA
A91314	RFAX Knight
A91314	Vnparalel'd Succeſſes
A91314	Military Vndertakings
A91314	Kingdomes Tranquility
A91314	Solemn Prayſes
A91314	Richer Preſent
A91314	Noble Acceptation
A91314	Church Diſcipline
A91314	Defenſive Armes
A91314	Triumphant Chariot
A91314	Devoted Friend
A91314	WILLIAM PRYNNE
A64897	J. V. HIS MOSTUNWORTHIE
A64897	RIght Noble Lords
A64897	Englands Commons
A64897	Memorie ☞
A64897	John Vicars
A64897	MOST WORTHY
A64897	RICHARD SPRIGNALL
A64897	Englands God
A64897	Englands Remembrancer
A64897	JOHN VICARS
A54605	Rhetoricall Prefaces
A54605	W. P.
A40995	Worthy Sirs
A40995	Worthy Sirs
A64253	W. JEMMAT
A79473	JOHN CULPEPPER
A79473	JOHN PRIDEAUX Biſhop
A79473	FELL Deane
A79473	BAYLY Deane
A79473	SHELDEN Warden
A79473	MORLEY Canon
A79473	Dr Fell
A79473	Dr Prideaux
A79473	Mr Chillingworth
A79473	Spartanâ Nobilitate
A79473	Merton Colledge
A79473	Saint Machiavel
A79473	Welch Atheiſts
A79473	Iriſh Rebels
A79473	Dr Ferne
A79473	Dr Fern ib
A79473	Majeſties Title
A79473	Dr Ferns
A79473	Sir John
A56846	Your Royall
A94736	Colonell Nathaniel
A94736	Richard Cole
A94736	Colonell Alexander
A94736	JOHN TOMBES
A88947	Deare Sir
A88947	Grave Aſſembly
A88947	RICHARD MATHER
A88947	WILLIAM TOMPSON
A91187	Honourable Court
A91187	Judicious SENATORS
A91187	Parliaments Priviledges
A91187	Licentious Schiſmaticall
A91187	Solemn Vow
A91187	Iohn Presbyter
A91187	Martins Eccho
A91187	Iohn Presbyter
A91187	Iohn Presbyter
A91187	Rejoyce O
A91187	Pontifical Revenue
A91187	Thomas Fairfax
A91187	Centurian Cornelius
A91187	Sr Samuel
A91187	Enſign Ratford
A91187	Chriſts Kingdome
A91187	Les Anabap
A91187	Anabaptiſticall Libellers
A91187	Honorable Aſſembly
A91187	Religious Chriſtians
A91187	Presbyteriall Church-Goverment
A91187	New Wandring-ſtarres
A91187	WILLIAM PRYNNE
A97125	Honourable Patronage
A87081	Jehoaſh ſo
A87081	Chriſt Jeſus
A87081	Chriſtian Emperour
A87081	Popiſh Sanctuaries
A89235	Henrietta Maria
A89235	Your Perſon
A89235	Your Nature
A89235	Your Fortune
A89235	Your Croſſes
A89235	Your Fortune
A89235	Your Piety
A89235	Your Neceſsities
A89235	Your Croſſes
A89235	Your Fortune
A89235	Your Piety
A89235	Your Neceſsities
A89235	Your Piety
A89235	Your Vertue
A89235	Your Modeſty
A89235	Your Perſon
A89235	this Draught of Devotion
A61155	THOMAS FAIRFAX
A61155	Noble Sir
A61155	Thomas Fairfax Generall
A61155	Maſter Prynne
A61155	Jeſus Chriſt
A61155	Ieſus Chriſt
A61155	John Saltmarſh
A61155	Noble Patriots
A61155	Ieſus Chriſt
A61155	Ieſus Chriſt
A61155	Jeſus Chriſt
A61155	Jeſus Chriſt
A61155	Spirituall Tyranny
A61155	Nonconforming Brethren
A61155	Antichriſtian myſtery▪
A61155	Jeſus Chriſt
A61155	Ieſus Chriſt
A61155	Presbyteriall Churches
A61155	IOHN SALTMARSH
A61155	Mordecai ſaid
A61155	IOHN SALTMARSH
A61155	Noble Citizens
A61155	JOHN SALTMARSH
A45542	Thrice Noble
A45542	Interveteres Philosophos
A45542	Faithfull Servant
A57969	Potent Lord
A57969	wisheth Grace
A57969	Jesus Christ
A57969	Samuel Rutherfurd
A67876	J. H. wisheth
A67876	WORTHY PATRIOT
A67876	the Lord of
A26722	JOHN WOLLASTON
A26722	WILLIAM BARTON
A10790	G. RIVERS
A64135	Baron HATTON
A64135	Jesus Christ
A64135	only urg'd
A64135	"Humani
Ad Scapulat"
A64135	S. Cyprian
A64135	S. Hilary
A64135	Minutius Felix
A64135	Sulpitius Severus
A64135	S. Chrysostome
A64135	S. Hierom
A64135	S. Austin
A64135	S. Bernard
A64135	Bishop Proclus
A64135	Pelli è
A64135	Nemo cui
A64135	King Iames
A64135	Sonne Maximilian
A64135	George Cassander
A64135	Emanuel Philibert
A64135	S. Austin
A64135	Pope Vigilius
A64135	S. Dominick
A64135	Aruleno Ruslico
A64135	Gregory Nazianzen
A64135	S. Austin
A64135	Chrysopassus ventur'd
A64135	Honour'd Lord
A64135	J. TAYLOR
A64135	CHRISTOPHER HATTON Knight
A64135	H. Church
A64135	Ecclesiam Malignantium
A64135	Religio S. Matris Ecclesiae
A64135	K. Iohn's
A64135	H. Church
A64135	Aeneas Sylvius
A64135	honour'd Episcopacy
A64135	Lay Dispensation
A64135	K. Alvred
A64135	Faelicia tum tempora
A64135	Reges Deo
A64135	Bishop Morton
A64135	Bishop Fox
A64135	Servant J. TAYLOR
A64135	Honourable Privy Councell
A64135	R. Father
A64135	S. Paul
A87607	Jacobs ſpirituall
A87607	the Lord of
A87607	Kek Syſt
A87607	Lo Cook
A87607	YoursRobert Iohn
A61101	J. S.
A88994	WHen Joſhua
A88994	Joſhua ſeemeth
A88994	His Ambaſſadours
A88994	Albert Duke
A88994	Your Crown
A88994	Servant in the Lord
A88994	JOHN MAYNARD
A47631	Accomplisht Lady
A47631	Elect Lady
A47631	Quis virtutē
A47631	Iohn 14.23
A47631	Servants Pro
A47631	See Heb
A61475	Worthy Senatours
A61475	Jesus Christ
A61475	Peter Sterry
A84337	John 5
A84337	Peter complaineth2 Pet
A84337	John 5
A84337	to1 Cor.
A84337	John 5
A84337	thisNicen Creed
A84337	Heb 10
A84337	John 5
A84337	JOHN EACHARD
A41427	THOMAS FAIRFAX Knight
A41427	Lord FAIRFAX
A41427	Bartholomeo de las Casas
A43401	Philip Herbert
A43401	Lord Parre
A43401	Lord Warden
A43401	Lord Lievtenant
A43401	Lord Chamberlain
A43401	Great Britains
A43401	THOMAS HERBERT
A02741	WILLIAM HARRISON
A11380	MY LORD
A11380	My Lord
A11380	J. SAULTMARSHE
A11380	ARTHUR INGRAM
A11380	Servant J. SALTMARSHE
A91306	John Lord Roberts
A91306	Francis Lord
A91306	William Balfore
A91306	Philip Stapleton
A91306	Colonell Sheffield
A91306	Nathaniel Fiennes
A91306	Noble Patronage
A91306	Clement Walker
A89500	through2 Cor.
A89500	James 1
A89500	THOMAS MANTON
A89582	COMMONS Aſſembled
A89582	S. M.
A16685	RIGBY Esq
A10819	Mighty Monarch CHARLES
A10819	Great Brittain
A10819	Your Royall
A10819	Heroicke Vertues
A10819	Iohn Roberts
A10819	Lord Mountioy
A10819	Honour'd Father
A10819	Socrates Opinion
A10819	Lordships Favour
A10819	John Roberts
A54528	Thomas Atkin
A54528	Lord Major
A54528	Nicholas Raynton
A54528	Isaac Penington
A54528	Iohn Cordell
A54528	Thomas Soame
A54528	Iohn Gayr
A54528	Iacob Garrat
A54528	Thomas Adams
A54528	Iohn Tous
A54528	George Garra
A54528	Sir George
A54528	Iohn Langham
A54528	Iohn Foulke
A54528	William Gibbs
A54528	Richard Chambers Sheriffes
A54528	Samuel Warner
A54528	Thomas Foote
A54528	Iohn Kendricke
A54528	Thomas Culh
A54528	Simon Edmonds
A54528	Trent Creed
A54528	Christs Intercession
A54528	The Donatisticall Brownists
A54528	Atheistical Sect
A54528	Forreigne Nation
A54528	Christian Magistrates
A54528	Paulus Diacon
A54528	Lambertus Hortensius
A06402	WILLIAM LOWER
A27810	Saint PAUL
A27810	M. ZACHARY BOYD
A27810	M. ZACHARY BOYD
A70099	Algernon Earl
A70099	Lord Percy
A70099	Honorable Privy-councell
A70099	William Fenwick
A57675	Lord Ross
A57675	Lord Ross
A42281	Charles Emanuel
A42281	Royall Spectators
A42281	Royall Patrimony
A42281	Royall Marriage
A40685	JOHN D'ANVERS Knight
A40685	The Apostle
A40685	T. F.
A52050	STEPHEN MARSHALL
A28303	David,1 Chron
A28303	Moſes Rod
A28303	Jeſus Chriſt
A28303	ELIDAD BLACKWELL
A96917	Baals Prieſts
A39212	And as
A39212	Some of
A39212	I. E.
A79475	Jure Divino
A79475	Jeſus Chriſt
A79475	Jeſus Chriſt
A79475	Jeſus Chriſt
A79475	Jeſus Chriſt
A79475	Ieſus Chriſt
A79475	Confirmat Theſ
A79475	Lords Table
A79475	Honour You
A79475	Francis Cheynell
A85036	Moſt Sacred
A85036	Reverend Divines
A85036	Maſter Saltmarſh
A85036	Gods Aſſiſtance
A85036	Deborah ſate
A85036	Maſter Saltmarſh
A85036	YOVR SELVES
A85036	Laſting Subſtance
A85036	Thomas Fuller
A86986	Your Lordſhips
A86986	NATHANIEL HALL
A86986	WILLIAM HALL
A51922	Royall Authors
A51922	Robert Codrington
A43536	Royall Ancestors
A43536	Great Prince
A90668	Sir Paul Pindar
A90668	SAint Paul
A90668	Saint Paul
A90668	Sir Paul Neale
A90668	SAint Paul
A90668	I. H.
A41150	Chriſts Meſſengers
A41150	Reverend Balmford
A41150	Townes houſe
A41150	Court Law
A41150	John Fenwick
A33343	Lord BROOKE
A33343	SAMVEL CLARKE
A28212	God Almighty ſo
A28212	JOHN BERKENHEAD
A66051	Lord Berkley
A66051	I. W.
A25370	Catholike Gentlewomen
A25370	Bleſſed Kingdome
A25370	Syr Philip
A25370	Virgin Ʋre
A38663	ANTHONY NICOLL
A07711	L. Chancellor
A07711	Heire to
A45014	Honourable Houſes
A85551	BENJAMIN RUDYARD
A85551	F. Wherefore
A85551	JOHN GRAUNT
A69646	Paulus Fagius
A69646	Frederic the Pa
A69646	Martin Bucer
A69646	Martin Bucer
A69646	Martin Bucer
A69646	Martin Bucer
A69646	Paulus Fagius
A69646	Martin Bueer
A69646	Honourd Lords
A69646	JOHN MILTON
A95827	R. W.
A29223	RICHARD HUTTON Knight
A29223	Native Love
A29223	Funerall Odes
A29223	THOMAS HUTTON Esquire
A29223	Astraeas Teares
A52444	King Iames
A52444	Philip Sidney
A67073	Robert Earle
A67073	William Viscount Say
A67073	Edward Viscount Mandevilc
A67073	Robert Lord Brooke
A67073	John Lord Roberts
A67073	Most Noble
A67073	We Christians
A67073	Parish Church
A67073	Soveraigne Lord
A85979	fruitleſs,2 Sam.
A85979	Worthy Patriots
A85979	Triennial Parliament
A12817	Thomas Lord Howard
A12817	Earle Marſhall
A12817	Honourable Privy Councell
A12817	Funerall Equipage
A12817	Your Lordſhip
A12817	Anthony Stafford
A12817	Romance Ladyes
A12817	ANTHONY STAFFORD
A31021	James Howell Esquire
A31021	Honored Sir
A01139	GEORGE FOXLE
A85370	Marcus Antonius
A43321	Counsellour Rom
A43321	Synods: Yee
A29375	Wicked Benjamin
A29375	Gentleman Sir Miles
A29375	W. BRIDGE
A56199	Jesuites Iniquity
A56199	Noble Patronage
A56199	William Boswell
A56199	Romish Conspirators
A56199	Heroick Endeavours
A56199	"Servant
William Prynne"
A43043	Honourable Lords
A56192	ROBRT Earl
A56192	Lord Generall
A56192	Malignant Party
A56192	Grotius de Jure belli
A56192	Georgius Obrectus de Belli Principiis
A56192	Honourable Patronage
A56192	Your Lordship
A56192	The Lord of Hosts
A56192	Honours Person
A56192	W. PRYNNE
A85889	MOſt Noble Senators
A85889	Superſtitious Ieſu-Worſhip
A85889	Maſter Barton
A87629	Henry Jones
A87629	Honourable Houſe
A87629	Honourable Houſe
A87629	W. Parſons
A87629	R. Dillon
A87629	J. Temple
A87629	Fran. Willoughby
A70454	Lord Generall
A26045	Dixi vos
A26045	Your Worſhips
A43818	Iohn Wollaston
A43818	Alderman Adams
A43818	Mahomets Impostures
A43818	Alderman Adams
A43818	Honored Sir
A43818	Honored Sir
A43818	Thomas Hill
A61092	John Crew Esquire
A61092	Richard Knightley
A61092	Knight Sir Hen
A61092	M. Crew
A61092	M. Knightleys
A17286	ture Nobility
A17286	S. John
A17286	S. John
A17286	John Ep
A17286	S. Paul
A17286	Royall Stem
A17286	Charles the Emperour
A17286	See Act
A17286	Lord Harrington
A17286	Daniel in
A17286	Daniel of
A17286	Quis hic eſt
A17286	Chriſtian Reader
A17286	Thy Chriſtian
A17286	W. Gr
A59630	Worthy Friend
A59630	RICHARD KNIGHTLEY ESQUIRE
A59630	Worthy Sir
A31023	OUR Royall
A31023	Rescue Vertue
A12167	D. D.
A12167	THOMAS GOODWIN
A12167	PHILIPPVS NYE
A89577	Commons Aſſembled
A89577	His Excellency
A77496	John Brinſley
A61026	John Wray Knight
A61026	William Strickland Knight
